trial,epoch,winRate,tieRate,lossRate,Defend,Defensive invade, Evasive invade, Hunt
24,0,0.1,0.0,0.9,0.06372549019607843,0.004901960784313725,0.9313725490196079,0.0
24,2,0.175,0.8,0.025,0.0,0.0,0.0,1.0
24,4,0.225,0.75,0.025,0.0,0.0,0.0,1.0
24,6,0.1,0.0,0.9,0.0,0.0,1.0,0.0
24,8,0.275,0.7,0.025,0.0,0.0,0.0,1.0
24,10,0.2,0.8,0.0,0.0,0.0,0.0,1.0
24,12,0.25,0.75,0.0,0.0,0.0,0.0,1.0
24,14,0.225,0.775,0.0,0.0,0.0,0.0,1.0
24,16,0.225,0.775,0.0,0.0,0.0,0.0,1.0
24,18,0.15,0.85,0.0,0.0,0.0,0.0,1.0
24,20,0.15,0.85,0.0,0.0,0.0,0.0,1.0
24,22,0.2,0.725,0.075,0.0,0.0,0.0,1.0
24,24,0.15,0.85,0.0,0.0,0.0,0.0,1.0
24,26,0.25,0.75,0.0,0.0,0.0,0.0,1.0
25,0,0.25,0.7,0.05,6.236357966947302E-4,0.0,0.0,0.9993763642033052
25,2,0.125,0.0,0.875,0.0,0.0,1.0,0.0
25,4,0.0,0.925,0.075,1.0,0.0,0.0,0.0
25,6,0.175,0.8,0.025,0.0,0.0,2.729257641921397E-4,0.9997270742358079
25,8,0.0,0.95,0.05,1.0,0.0,0.0,0.0
25,10,0.175,0.825,0.0,0.0,0.0,0.0010995052226498076,0.9989004947773502
25,12,0.1,0.9,0.0,0.0,0.0,2.7878449958182325E-4,0.9997212155004181
25,14,0.175,0.775,0.05,0.0,0.0,5.896226415094339E-4,0.9994103773584906
25,16,0.2,0.725,0.075,0.0,0.0,3.045066991473812E-4,0.9996954933008526
25,18,0.15,0.8,0.05,0.0,0.0,2.871088142405972E-4,0.9997128911857595
25,20,0.2,0.775,0.025,0.0,0.0,8.743806470416788E-4,0.9991256193529583
25,22,0.1,0.85,0.05,0.0,0.0,0.0,1.0
25,24,0.275,0.675,0.05,0.0,0.0,3.069367710251688E-4,0.9996930632289748
25,26,0.175,0.825,0.0,0.0,0.0,5.592841163310962E-4,0.9994407158836689
26,0,0.3,0.6,0.1,0.0,0.0,0.0,1.0
26,2,0.1,0.0,0.9,0.0,0.0,1.0,0.0
26,4,0.0,0.9,0.1,1.0,0.0,0.0,0.0
26,6,0.3,0.675,0.025,5.934718100890207E-4,0.0,0.0,0.9994065281899109
26,8,0.225,0.75,0.025,0.0,0.0,0.0,1.0
26,10,0.175,0.8,0.025,0.0,0.0,0.0,1.0
26,12,0.3,0.675,0.025,0.0,0.0,0.0,1.0
26,14,0.075,0.875,0.05,0.0,0.0,0.0,1.0
26,16,0.325,0.65,0.025,0.0,0.0,0.0,1.0
26,18,0.2,0.75,0.05,0.0,0.0,0.0,1.0
26,20,0.4,0.575,0.025,0.0,0.0,0.0,1.0
26,22,0.175,0.775,0.05,0.0,0.0,0.0,1.0
26,24,0.35,0.65,0.0,0.0,0.0,0.0,1.0
26,26,0.15,0.825,0.025,0.0,0.0,0.0,1.0
27,0,0.1,0.0,0.9,0.0,0.0,1.0,0.0
27,2,0.15,0.0,0.85,0.0,1.0,0.0,0.0
27,4,0.0,0.925,0.075,1.0,0.0,0.0,0.0
27,6,0.0,0.9,0.1,1.0,0.0,0.0,0.0
27,8,0.0,0.975,0.025,1.0,0.0,0.0,0.0
27,10,0.175,0.75,0.075,0.0,0.0,0.0,1.0
27,12,0.1,0.8,0.1,0.0,0.0,0.0,1.0
27,14,0.15,0.825,0.025,0.0,0.0,0.0,1.0
27,16,0.2,0.75,0.05,0.0,0.0,0.0,1.0
27,18,0.175,0.825,0.0,0.0,0.0,0.0,1.0
27,20,0.075,0.875,0.05,0.0,0.0,0.0,1.0
27,22,0.2,0.8,0.0,0.0,0.0,0.0,1.0
27,24,0.025,0.925,0.05,0.0,0.0,0.0,1.0
27,26,0.175,0.7,0.125,0.0,0.0,0.0,1.0
28,0,0.2,0.775,0.025,0.0,5.60695262125035E-4,0.0,0.999439304737875
28,2,0.15,0.0,0.85,0.0,0.0,1.0,0.0
28,4,0.2,0.75,0.05,9.06070673512534E-4,0.0,0.0,0.9990939293264874
28,6,0.1,0.875,0.025,0.0,0.0,0.0,1.0
28,8,0.25,0.725,0.025,0.0,0.0,0.0,1.0
28,10,0.225,0.725,0.05,0.0,0.0,0.0,1.0
28,12,0.225,0.725,0.05,0.0,0.0,0.0,1.0
28,14,0.275,0.7,0.025,0.0,0.0,0.0,1.0
28,16,0.175,0.7,0.125,0.0,0.0,0.0,1.0
28,18,0.25,0.725,0.025,0.0,0.0,0.0,1.0
28,20,0.15,0.825,0.025,0.0,0.0,0.0,1.0
28,22,0.125,0.8,0.075,0.0,0.0,0.0,1.0
28,24,0.15,0.775,0.075,0.0,0.0,0.0,1.0
28,26,0.3,0.675,0.025,0.0,0.0,0.0,1.0
29,0,0.0,0.85,0.15,1.0,0.0,0.0,0.0
29,2,0.0,0.9,0.1,1.0,0.0,0.0,0.0
29,4,0.25,0.75,0.0,0.0,0.001474056603773585,0.0,0.9985259433962265
29,6,0.1,0.875,0.025,0.0,0.0,0.0,1.0
29,8,0.225,0.725,0.05,0.0,0.0,0.0,1.0
29,10,0.125,0.875,0.0,0.0,0.0,0.0,1.0
29,12,0.2,0.775,0.025,0.0,0.0,0.0,1.0
29,14,0.15,0.85,0.0,0.0,0.0,0.0,1.0
29,16,0.2,0.75,0.05,0.0,0.0,0.0,1.0
29,18,0.275,0.675,0.05,0.0,0.0,0.0,1.0
29,20,0.175,0.75,0.075,0.0,0.0,0.0,1.0
29,22,0.15,0.825,0.025,0.0,0.0,0.0,1.0
29,24,0.1,0.9,0.0,0.0,0.0,0.0,1.0
29,26,0.25,0.7,0.05,0.0,0.0,0.0,1.0
30,0,0.2,0.775,0.025,0.0,0.0,0.0,1.0
30,2,0.225,0.775,0.0,0.0,0.0,0.0,1.0
30,4,0.2,0.775,0.025,0.0,0.0,0.0,1.0
30,6,0.175,0.8,0.025,0.0,0.0,0.0,1.0
30,8,0.15,0.85,0.0,0.0,0.0,0.0,1.0
30,10,0.2,0.8,0.0,0.0,0.0,0.0,1.0
30,12,0.15,0.8,0.05,0.0,0.0,0.0,1.0
30,14,0.15,0.85,0.0,0.0,0.0,0.0,1.0
30,16,0.325,0.65,0.025,0.0,0.0,0.0,1.0
30,18,0.2,0.775,0.025,0.0,0.0,0.0,1.0
30,20,0.275,0.675,0.05,0.0,0.0,0.0,1.0
30,22,0.1,0.8,0.1,0.0,0.0,0.0,1.0
30,24,0.3,0.7,0.0,0.0,0.0,0.0,1.0
30,26,0.2,0.725,0.075,0.0,0.0,0.0,1.0
31,0,0.0,0.9,0.1,1.0,0.0,0.0,0.0
31,2,0.425,0.0,0.575,0.0,1.0,0.0,0.0
31,4,0.275,0.0,0.725,0.0,1.0,0.0,0.0
31,6,0.3,0.0,0.7,0.0,1.0,0.0,0.0
31,8,0.35,0.6,0.05,0.0,0.0,0.0,1.0
31,10,0.175,0.775,0.05,0.0,0.0,0.0,1.0
31,12,0.175,0.8,0.025,0.0,0.0,0.0,1.0
31,14,0.125,0.8,0.075,0.0,0.0,0.0,1.0
31,16,0.275,0.7,0.025,0.0,0.0,0.0,1.0
31,18,0.2,0.8,0.0,0.0,0.0,0.0,1.0
31,20,0.275,0.7,0.025,0.0,0.0,0.0,1.0
31,22,0.225,0.75,0.025,0.0,0.0,0.0,1.0
31,24,0.15,0.825,0.025,0.0,0.0,0.0,1.0
31,26,0.15,0.825,0.025,0.0,0.0,0.0,1.0
32,0,0.1,0.0,0.9,0.0,0.0,1.0,0.0
32,2,0.0,0.9,0.1,1.0,0.0,0.0,0.0
32,4,0.3,0.0,0.7,0.0,1.0,0.0,0.0
32,6,0.0,0.8,0.2,1.0,0.0,0.0,0.0
32,8,0.325,0.65,0.025,0.0,0.0,0.0,1.0
32,10,0.325,0.675,0.0,0.0,0.0,0.0,1.0
32,12,0.2,0.775,0.025,0.0,0.0,0.0,1.0
32,14,0.2,0.8,0.0,0.0,0.0,0.0,1.0
32,16,0.225,0.75,0.025,0.0,0.0,0.0,1.0
32,18,0.2,0.8,0.0,0.0,0.0,0.0,1.0
32,20,0.075,0.9,0.025,0.0,0.0,0.0,1.0
32,22,0.225,0.775,0.0,0.0,0.0,0.0,1.0
32,24,0.2,0.75,0.05,0.0,0.0,0.0,1.0
32,26,0.2,0.775,0.025,0.0,0.0,0.0,1.0
33,0,0.175,0.75,0.075,0.0,2.927400468384075E-4,0.0,0.9997072599531616
33,2,0.125,0.85,0.025,0.0,0.0,0.0,1.0
33,4,0.125,0.875,0.0,0.0,0.0,0.0,1.0
33,6,0.175,0.775,0.05,0.0,0.0,0.0,1.0
33,8,0.25,0.0,0.75,0.0,1.0,0.0,0.0
33,10,0.175,0.775,0.05,0.0,0.0,0.0,1.0
33,12,0.225,0.75,0.025,0.0,0.0,0.0,1.0
33,14,0.275,0.675,0.05,0.0,0.0,0.0,1.0
33,16,0.125,0.875,0.0,0.0,0.0,0.0,1.0
33,18,0.2,0.75,0.05,0.0,0.0,0.0,1.0
33,20,0.225,0.75,0.025,0.0,0.0,0.0,1.0
33,22,0.175,0.8,0.025,0.0,0.0,0.0,1.0
33,24,0.2,0.8,0.0,0.0,0.0,0.0,1.0
33,26,0.25,0.75,0.0,0.0,0.0,0.0,1.0
34,0,0.0,0.95,0.05,1.0,0.0,0.0,0.0
34,2,0.175,0.8,0.025,0.0,0.0,0.0,1.0
34,4,0.15,0.825,0.025,0.0,0.0,0.0,1.0
34,6,0.25,0.7,0.05,0.0,0.0,5.878894767783657E-4,0.9994121105232217
34,8,0.275,0.725,0.0,0.0,0.0,0.0,1.0
34,10,0.1,0.85,0.05,0.0,0.0,2.7901785714285713E-4,0.9997209821428571
34,12,0.175,0.775,0.05,0.0,0.0,8.393956351426973E-4,0.9991606043648573
34,14,0.175,0.825,0.0,0.0,0.0,5.644933672029354E-4,0.999435506632797
34,16,0.15,0.0,0.85,0.0,0.0,1.0,0.0
34,18,0.225,0.75,0.025,0.0,0.0,2.9568302779420464E-4,0.9997043169722057
34,20,0.175,0.7,0.125,0.0,0.0,2.9403116730373417E-4,0.9997059688326962
34,22,0.175,0.775,0.05,0.0,0.0,0.0,1.0
34,24,0.2,0.8,0.0,0.0,0.0,2.844950213371266E-4,0.9997155049786629
34,26,0.275,0.725,0.0,0.0,0.0,8.777062609713282E-4,0.9991222937390287
35,0,0.15,0.8,0.05,0.0,0.0,0.0,1.0
35,2,0.15,0.0,0.85,0.0,0.0,1.0,0.0
35,4,0.225,0.775,0.0,0.0,0.0,0.0,1.0
35,6,0.0,0.925,0.075,1.0,0.0,0.0,0.0
35,8,0.25,0.725,0.025,0.0011837821840781297,0.0,0.0,0.9988162178159219
35,10,0.175,0.725,0.1,0.0,0.0,0.0,1.0
35,12,0.175,0.8,0.025,0.0,0.0,0.0,1.0
35,14,0.05,0.85,0.1,2.789400278940028E-4,0.0,0.0,0.999721059972106
35,16,0.25,0.65,0.1,3.184713375796178E-4,0.0,0.0,0.9996815286624203
35,18,0.075,0.925,0.0,2.685284640171858E-4,0.0,0.0,0.9997314715359829
35,20,0.3,0.65,0.05,6.153846153846154E-4,0.0,0.0,0.9993846153846154
35,22,0.15,0.825,0.025,8.391608391608392E-4,0.0,0.0,0.9991608391608392
35,24,0.25,0.725,0.025,8.429334082607474E-4,0.0,0.0,0.9991570665917393
35,26,0.3,0.675,0.025,0.0015137753557372085,0.0,0.0,0.9984862246442628
36,0,0.0,0.8,0.2,1.0,0.0,0.0,0.0
36,2,0.25,0.0,0.75,0.0,1.0,0.0,0.0
36,4,0.0,0.975,0.025,1.0,0.0,0.0,0.0
36,6,0.125,0.85,0.025,0.0,0.0,0.0,1.0
36,8,0.25,0.725,0.025,0.0,0.0,0.0,1.0
36,10,0.175,0.8,0.025,0.0,0.0,0.0,1.0
36,12,0.175,0.775,0.05,0.0,0.0,0.0,1.0
36,14,0.275,0.65,0.075,0.0,0.0,0.0,1.0
36,16,0.2,0.775,0.025,0.0,0.0,0.0,1.0
36,18,0.3,0.6,0.1,0.0,0.0,0.0,1.0
36,20,0.3,0.625,0.075,0.0,0.0,0.0,1.0
36,22,0.225,0.675,0.1,0.0,0.0,0.0,1.0
36,24,0.15,0.825,0.025,0.0,0.0,0.0,1.0
36,26,0.125,0.825,0.05,0.0,0.0,0.0,1.0
37,0,0.0,0.95,0.05,1.0,0.0,0.0,0.0
37,2,0.0,0.925,0.075,1.0,0.0,0.0,0.0
37,4,0.325,0.675,0.0,0.0,0.0,0.0,1.0
37,6,0.0,0.9,0.1,1.0,0.0,0.0,0.0
37,8,0.2,0.775,0.025,0.0,0.0,0.0,1.0
37,10,0.0,0.75,0.25,1.0,0.0,0.0,0.0
37,12,0.0,0.675,0.325,1.0,0.0,0.0,0.0
37,14,0.075,0.65,0.275,0.0,0.0,0.0,1.0
37,16,0.025,0.65,0.325,0.0,0.0,0.0,1.0
37,18,0.15,0.55,0.3,0.0,0.0,0.0,1.0
37,20,0.125,0.45,0.425,0.0,0.0,0.0,1.0
37,22,0.2,0.55,0.25,0.0,0.0,0.0,1.0
37,24,0.125,0.625,0.25,0.0,0.0,0.0,1.0
37,26,0.125,0.675,0.2,0.0,0.0,0.0,1.0
38,0,0.475,0.0,0.525,0.0,1.0,0.0,0.0
38,2,0.0,0.625,0.375,1.0,0.0,0.0,0.0
38,4,0.1,0.6,0.3,0.0,0.0,0.0,1.0
38,6,0.175,0.5,0.325,0.0,0.0,0.0,1.0
38,8,0.0,0.75,0.25,1.0,0.0,0.0,0.0
38,10,0.175,0.5,0.325,0.001052262364082778,0.0,0.0,0.9989477376359173
38,12,0.175,0.6,0.225,0.001584786053882726,0.0,0.0,0.9984152139461173
38,14,0.15,0.675,0.175,3.006614552014432E-4,0.0,0.0,0.9996993385447985
38,16,0.175,0.7,0.125,0.0,0.0,0.0,1.0
38,18,0.175,0.625,0.2,3.4518467380048324E-4,0.0,0.0,0.9996548153261995
38,20,0.1,0.675,0.225,9.538950715421304E-4,0.0,0.0,0.9990461049284579
38,22,0.225,0.525,0.25,3.850596842510589E-4,0.0,0.0,0.9996149403157489
38,24,0.125,0.475,0.4,0.0,0.0,0.0,1.0
38,26,0.125,0.525,0.35,9.88793671720501E-4,0.0,0.0,0.9990112063282794
39,0,0.4,0.0,0.6,0.0,1.0,0.0,0.0
39,2,0.0,0.8,0.2,1.0,0.0,0.0,0.0
39,4,0.15,0.55,0.3,0.0,0.0,0.0,1.0
39,6,0.375,0.0,0.625,0.0,1.0,0.0,0.0
39,8,0.0,0.925,0.075,1.0,0.0,0.0,0.0
39,10,0.15,0.85,0.0,0.0,2.8368794326241134E-4,0.0,0.9997163120567376
39,12,0.125,0.8,0.075,0.0,0.0,0.0,1.0
39,14,0.25,0.75,0.0,0.0,0.0,0.0,1.0
39,16,0.175,0.775,0.05,0.0,0.0,0.0,1.0
39,18,0.275,0.725,0.0,0.0,0.0,0.0,1.0
39,20,0.25,0.75,0.0,0.0,0.0,0.0,1.0
39,22,0.15,0.825,0.025,0.0,0.0,0.0,1.0
39,24,0.275,0.675,0.05,0.0,0.0,0.0,1.0
39,26,0.25,0.725,0.025,0.0,0.0,0.0,1.0
40,0,0.175,0.8,0.025,0.0,0.001136040897472309,0.0,0.9988639591025277
40,2,0.375,0.0,0.625,0.0,1.0,0.0,0.0
40,4,0.3,0.675,0.025,0.0,0.0,0.0,1.0
40,6,0.275,0.625,0.1,0.0,0.0,0.0,1.0
40,8,0.325,0.65,0.025,0.0,0.0,0.0,1.0
40,10,0.2,0.775,0.025,0.0,0.0,0.0,1.0
40,12,0.225,0.775,0.0,0.0,0.0,0.0,1.0
40,14,0.125,0.775,0.1,0.0,0.0,0.0,1.0
40,16,0.15,0.8,0.05,0.0,0.0,0.0,1.0
40,18,0.25,0.725,0.025,0.0,0.0,0.0,1.0
40,20,0.225,0.75,0.025,0.0,0.0,0.0,1.0
40,22,0.25,0.75,0.0,0.0,0.0,0.0,1.0
40,24,0.1,0.9,0.0,0.0,0.0,0.0,1.0
40,26,0.325,0.625,0.05,0.0,0.0,0.0,1.0
41,0,0.075,0.0,0.925,0.0,0.0,1.0,0.0
41,2,0.0,0.9,0.1,1.0,0.0,0.0,0.0
41,4,0.225,0.0,0.775,0.0,1.0,0.0,0.0
41,6,0.2,0.75,0.05,5.863383172090296E-4,0.0,0.0,0.999413661682791
41,8,0.125,0.775,0.1,0.0,0.0,0.0,1.0
41,10,0.25,0.7,0.05,0.0,0.0,0.0,1.0
41,12,0.225,0.725,0.05,0.0,0.0,0.0,1.0
41,14,0.075,0.9,0.025,0.0,0.0,0.0,1.0
41,16,0.275,0.625,0.1,0.0,0.0,0.0,1.0
41,18,0.2,0.75,0.05,0.0,0.0,0.0,1.0
41,20,0.275,0.7,0.025,0.0,0.0,0.0,1.0
41,22,0.225,0.725,0.05,0.0,0.0,0.0,1.0
41,24,0.075,0.825,0.1,0.0,0.0,0.0,1.0
41,26,0.1,0.875,0.025,0.0,0.0,0.0,1.0
42,0,0.0,0.975,0.025,1.0,0.0,0.0,0.0
42,2,0.2,0.775,0.025,2.947244326554671E-4,0.0,0.0,0.9997052755673446
42,4,0.0,0.95,0.05,1.0,0.0,0.0,0.0
42,6,0.225,0.75,0.025,2.8818443804034583E-4,0.0,0.0,0.9997118155619596
42,8,0.25,0.75,0.0,0.0,0.0,0.0,1.0
42,10,0.125,0.875,0.0,0.0,0.0,0.0,1.0
42,12,0.225,0.75,0.025,0.0,0.0,0.0,1.0
42,14,0.375,0.625,0.0,0.0,0.0,0.0,1.0
42,16,0.05,0.9,0.05,0.0,0.0,0.0,1.0
42,18,0.275,0.725,0.0,0.0,0.0,0.0,1.0
42,20,0.2,0.775,0.025,0.0,0.0,0.0,1.0
42,22,0.225,0.725,0.05,0.0,0.0,0.0,1.0
42,24,0.075,0.8,0.125,0.0,0.0,0.0,1.0
42,26,0.25,0.7,0.05,0.0,0.0,0.0,1.0
43,0,0.15,0.8,0.05,0.0,0.0,0.0,1.0
43,2,0.0,0.875,0.125,1.0,0.0,0.0,0.0
43,4,0.0,0.9,0.1,1.0,0.0,0.0,0.0
43,6,0.025,0.8,0.175,0.9965696043522201,0.0,0.0,0.0034303956477799713
43,8,0.175,0.525,0.3,3.3046926635822867E-4,0.0,0.0,0.9996695307336417
43,10,0.15,0.65,0.2,6.675567423230974E-4,0.0,0.0,0.9993324432576769
43,12,0.075,0.525,0.4,0.0,0.0,0.0,1.0
43,14,0.15,0.6,0.25,0.0,0.0,0.0,1.0
43,16,0.175,0.6,0.225,0.0,0.0,0.0,1.0
43,18,0.15,0.625,0.225,0.0,0.0,0.0,1.0
43,20,0.1,0.6,0.3,0.0,0.0,0.0,1.0
43,22,0.125,0.6,0.275,0.0,0.0,0.0,1.0
43,24,0.15,0.55,0.3,0.0,0.0,0.0,1.0
43,26,0.1,0.725,0.175,0.0,0.0,0.0,1.0
44,0,0.275,0.0,0.725,0.0,1.0,0.0,0.0
44,2,0.0,0.8,0.2,1.0,0.0,0.0,0.0
44,4,0.275,0.0,0.725,0.0,1.0,0.0,0.0
44,6,0.25,0.0,0.75,0.0,1.0,0.0,0.0
44,8,0.0,0.975,0.025,1.0,0.0,0.0,0.0
44,10,0.0,0.875,0.125,1.0,0.0,0.0,0.0
44,12,0.2,0.8,0.0,0.0,0.0,0.0,1.0
44,14,0.275,0.675,0.05,0.0,0.0,0.0,1.0
44,16,0.075,0.85,0.075,0.0,0.0,0.0,1.0
44,18,0.2,0.8,0.0,0.0,0.0,0.0,1.0
44,20,0.225,0.725,0.05,0.0,0.0,0.0,1.0
44,22,0.175,0.825,0.0,0.0,0.0,0.0,1.0
44,24,0.175,0.8,0.025,0.0,0.0,0.0,1.0
44,26,0.2,0.775,0.025,0.0,0.0,0.0,1.0
45,0,0.2,0.8,0.0,0.0,2.900232018561485E-4,0.0,0.9997099767981439
45,2,0.1,0.875,0.025,0.0,0.0,0.0,1.0
45,4,0.1,0.0,0.9,0.0,0.0,1.0,0.0
45,6,0.225,0.75,0.025,0.0,5.76036866359447E-4,0.0,0.9994239631336406
45,8,0.3,0.65,0.05,0.0,0.0,0.0,1.0
45,10,0.175,0.775,0.05,0.0,0.0,0.0,1.0
45,12,0.15,0.825,0.025,0.0,0.0,0.0,1.0
45,14,0.225,0.75,0.025,0.0,0.0,0.0,1.0
45,16,0.175,0.75,0.075,0.0,0.0,0.0,1.0
45,18,0.225,0.775,0.0,0.0,0.0,0.0,1.0
45,20,0.225,0.75,0.025,0.0,0.0,0.0,1.0
45,22,0.2,0.75,0.05,0.0,0.0,0.0,1.0
45,24,0.225,0.775,0.0,0.0,0.0,0.0,1.0
45,26,0.175,0.725,0.1,0.0,0.0,0.0,1.0
46,0,0.1,0.875,0.025,0.0,0.0,2.777777777777778E-4,0.9997222222222222
46,2,0.275,0.725,0.0,0.0,0.0,0.0,1.0
46,4,0.225,0.75,0.025,0.0,0.0,0.0,1.0
46,6,0.225,0.0,0.775,0.0,1.0,0.0,0.0
46,8,0.1,0.875,0.025,0.0,0.0,0.0,1.0
46,10,0.225,0.75,0.025,0.0,0.0,0.0,1.0
46,12,0.2,0.775,0.025,0.0,0.0,0.0,1.0
46,14,0.15,0.825,0.025,0.0,0.0,0.0,1.0
46,16,0.225,0.75,0.025,0.0,0.0,0.0,1.0
46,18,0.125,0.725,0.15,0.0,0.0,0.0,1.0
46,20,0.2,0.725,0.075,0.0,0.0,0.0,1.0
46,22,0.225,0.725,0.05,0.0,0.0,0.0,1.0
46,24,0.25,0.725,0.025,0.0,0.0,0.0,1.0
46,26,0.2,0.75,0.05,0.0,0.0,0.0,1.0
47,0,0.275,0.0,0.725,0.0,1.0,0.0,0.0
47,2,0.1,0.0,0.9,0.0,0.0,1.0,0.0
47,4,0.2,0.7,0.1,0.0,0.0,0.0,1.0
47,6,0.15,0.825,0.025,0.0,0.0,0.0,1.0
47,8,0.05,0.85,0.1,0.0,0.0,0.0,1.0
47,10,0.15,0.825,0.025,0.0,0.0,0.0,1.0
47,12,0.175,0.775,0.05,0.0,0.0,0.0,1.0
47,14,0.15,0.8,0.05,0.0,0.0,0.0,1.0
47,16,0.25,0.675,0.075,0.0,0.0,0.0,1.0
47,18,0.2,0.725,0.075,0.0,0.0,0.0,1.0
47,20,0.175,0.825,0.0,0.0,0.0,0.0,1.0
47,22,0.225,0.7,0.075,0.0,0.0,0.0,1.0
47,24,0.225,0.775,0.0,0.0,0.0,0.0,1.0
47,26,0.175,0.775,0.05,0.0,0.0,0.0,1.0
48,0,0.0,0.975,0.025,1.0,0.0,0.0,0.0
48,2,0.175,0.825,0.0,0.0,0.0,0.0,1.0
48,4,0.0,0.925,0.075,1.0,0.0,0.0,0.0
48,6,0.25,0.725,0.025,0.0,2.9481132075471697E-4,0.0,0.9997051886792453
48,8,0.175,0.7,0.125,3.0156815440289503E-4,0.0,0.0,0.9996984318455971
48,10,0.2,0.75,0.05,8.505812305075135E-4,0.0,0.0,0.9991494187694925
48,12,0.275,0.675,0.05,0.0,9.222256378727329E-4,0.0,0.9990777743621273
48,14,0.3,0.7,0.0,0.0,2.99311583358276E-4,0.0,0.9997006884166417
48,16,0.225,0.775,0.0,0.0,6.002400960384153E-4,0.0,0.9993997599039616
48,18,0.175,0.8,0.025,0.0,2.9239766081871346E-4,0.0,0.9997076023391813
48,20,0.225,0.75,0.025,0.0,0.0011524056467876692,0.0,0.9988475943532124
48,22,0.2,0.775,0.025,0.0,0.0014277555682467161,0.0,0.9985722444317533
48,24,0.275,0.725,0.0,0.0,8.648025367541078E-4,0.0,0.9991351974632459
48,26,0.175,0.8,0.025,0.0,0.0,0.0,1.0
49,0,0.25,0.725,0.025,2.907822041291073E-4,0.0,0.0,0.9997092177958709
49,2,0.0,0.925,0.075,1.0,0.0,0.0,0.0
49,4,0.175,0.0,0.825,0.0,0.0,1.0,0.0
49,6,0.275,0.65,0.075,0.0,0.0,0.0,1.0
49,8,0.25,0.725,0.025,0.0,0.0,0.0,1.0
49,10,0.25,0.75,0.0,0.0,0.0,0.0,1.0
49,12,0.2,0.75,0.05,0.0,0.0,0.0,1.0
49,14,0.225,0.75,0.025,0.0,0.0,0.0,1.0
49,16,0.225,0.75,0.025,0.0,0.0,0.0,1.0
49,18,0.2,0.775,0.025,0.0,0.0,0.0,1.0
49,20,0.225,0.75,0.025,0.0,0.0,0.0,1.0
49,22,0.15,0.725,0.125,0.0,0.0,0.0,1.0
49,24,0.25,0.7,0.05,0.0,0.0,0.0,1.0
49,26,0.125,0.825,0.05,0.0,0.0,0.0,1.0
50,0,0.0,0.9,0.1,1.0,0.0,0.0,0.0
50,2,0.2,0.725,0.075,0.0,0.0,0.0,1.0
50,4,0.25,0.725,0.025,0.0,0.0,3.0147723846849563E-4,0.9996985227615315
50,6,0.075,0.925,0.0,2.6752273943285177E-4,0.0,0.0,0.9997324772605671
50,8,0.25,0.7,0.05,0.0,0.0,0.0,1.0
50,10,0.175,0.8,0.025,2.788622420524261E-4,0.0,0.0,0.9997211377579476
50,12,0.225,0.725,0.05,0.0,0.0,0.0,1.0
50,14,0.2,0.725,0.075,2.889338341519792E-4,0.0,0.0,0.999711066165848
50,16,0.0,0.9,0.1,1.0,0.0,0.0,0.0
50,18,0.25,0.725,0.025,0.0011792452830188679,0.0,0.0,0.9988207547169812
50,20,0.15,0.8,0.05,5.851375073142189E-4,0.0,0.0,0.9994148624926857
50,22,0.15,0.825,0.025,5.678591709256105E-4,0.0,0.0,0.9994321408290744
50,24,0.175,0.775,0.05,5.778676683039584E-4,0.0,0.0,0.9994221323316961
50,26,0.125,0.85,0.025,0.0,0.0,0.0,1.0
51,0,0.275,0.7,0.025,0.0012464942349641633,0.0,0.0,0.9987535057650359
51,2,0.275,0.675,0.05,0.0,0.0,0.0,1.0
51,4,0.1,0.0,0.9,0.0,0.0,1.0,0.0
51,6,0.325,0.65,0.025,0.0,0.0,0.0,1.0
51,8,0.2,0.775,0.025,0.0,0.0,0.0,1.0
51,10,0.125,0.85,0.025,0.0,0.0,0.0,1.0
51,12,0.125,0.825,0.05,0.0,0.0,0.0,1.0
51,14,0.275,0.675,0.05,0.0,0.0,0.0,1.0
51,16,0.275,0.625,0.1,0.0,0.0,0.0,1.0
51,18,0.15,0.825,0.025,0.0,0.0,0.0,1.0
51,20,0.25,0.7,0.05,0.0,0.0,0.0,1.0
51,22,0.125,0.8,0.075,0.0,0.0,0.0,1.0
51,24,0.175,0.75,0.075,0.0,0.0,0.0,1.0
51,26,0.375,0.575,0.05,0.0,0.0,0.0,1.0
52,0,0.05,0.0,0.95,0.0,0.0,1.0,0.0
52,2,0.0,0.95,0.05,1.0,0.0,0.0,0.0
52,4,0.2,0.75,0.05,0.0,0.0,0.0,1.0
52,6,0.225,0.75,0.025,0.0,0.0,0.0,1.0
52,8,0.075,0.0,0.925,0.0,0.0,1.0,0.0
52,10,0.3,0.675,0.025,0.0,0.0,0.0,1.0
52,12,0.25,0.725,0.025,0.0,0.0,0.0,1.0
52,14,0.2,0.75,0.05,0.0,0.0,0.0,1.0
52,16,0.125,0.85,0.025,0.0,0.0,0.0,1.0
52,18,0.175,0.8,0.025,0.0,0.0,0.0,1.0
52,20,0.15,0.825,0.025,0.0,0.0,0.0,1.0
52,22,0.2,0.75,0.05,0.0,0.0,0.0,1.0
52,24,0.175,0.75,0.075,0.0,0.0,0.0,1.0
52,26,0.15,0.8,0.05,0.0,0.0,0.0,1.0
53,0,0.3,0.0,0.7,0.0,1.0,0.0,0.0
53,2,0.1,0.0,0.9,0.0,0.0,1.0,0.0
53,4,0.15,0.825,0.025,0.0,0.0,0.0,1.0
53,6,0.0,0.975,0.025,1.0,0.0,0.0,0.0
53,8,0.0,0.85,0.15,1.0,0.0,0.0,0.0
53,10,0.0,0.85,0.15,1.0,0.0,0.0,0.0
53,12,0.15,0.8,0.05,2.808988764044944E-4,0.0,0.0,0.9997191011235955
53,14,0.2,0.775,0.025,0.0,0.0,0.0,1.0
53,16,0.1,0.9,0.0,0.0,0.0,0.0,1.0
53,18,0.1,0.825,0.075,0.0,0.0,0.0,1.0
53,20,0.275,0.7,0.025,0.0,0.0,0.0,1.0
53,22,0.15,0.825,0.025,0.0,0.0,0.0,1.0
53,24,0.225,0.75,0.025,0.0,0.0,0.0,1.0
53,26,0.125,0.85,0.025,0.0,0.0,0.0,1.0
54,0,0.0,0.925,0.075,1.0,0.0,0.0,0.0
54,2,0.2,0.775,0.025,0.0,0.0,0.0,1.0
54,4,0.225,0.75,0.025,0.0,0.0,0.0,1.0
54,6,0.225,0.775,0.0,0.0011477761836441894,0.0,0.0,0.9988522238163559
54,8,0.0,0.95,0.05,1.0,0.0,0.0,0.0
54,10,0.275,0.7,0.025,0.0,0.0,0.0,1.0
54,12,0.175,0.8,0.025,0.0,0.0,0.0,1.0
54,14,0.175,0.725,0.1,0.0,0.0,0.0,1.0
54,16,0.125,0.825,0.05,0.0,0.0,0.0,1.0
54,18,0.3,0.625,0.075,0.0,0.0,0.0,1.0
54,20,0.2,0.8,0.0,0.0,0.0,0.0,1.0
54,22,0.225,0.75,0.025,0.0,0.0,0.0,1.0
54,24,0.225,0.725,0.05,0.0,0.0,0.0,1.0
54,26,0.2,0.8,0.0,0.0,0.0,0.0,1.0
55,0,0.175,0.0,0.825,0.0,1.0,0.0,0.0
55,2,0.275,0.7,0.025,0.0,0.0,0.0,1.0
55,4,0.0,0.9,0.1,1.0,0.0,0.0,0.0
55,6,0.15,0.85,0.0,0.0,0.0,0.0,1.0
55,8,0.0,0.9,0.1,1.0,0.0,0.0,0.0
55,10,0.175,0.75,0.075,0.0,0.0,0.0,1.0
55,12,0.15,0.85,0.0,0.0,2.822466836014677E-4,0.0,0.9997177533163986
55,14,0.2,0.775,0.025,5.678591709256105E-4,0.0,0.0,0.9994321408290744
55,16,0.2,0.8,0.0,0.0,5.614823133071309E-4,0.0,0.9994385176866929
55,18,0.25,0.75,0.0,6.062443164595332E-4,0.0,0.0,0.9993937556835405
55,20,0.175,0.8,0.025,0.0,8.635578583765112E-4,0.0,0.9991364421416234
55,22,0.125,0.85,0.025,0.0,2.847380410022779E-4,0.0,0.9997152619589977
55,24,0.2,0.725,0.075,0.0,5.798782255726297E-4,0.0,0.9994201217744274
55,26,0.225,0.75,0.025,0.0,8.549444286121402E-4,0.0,0.9991450555713879
56,0,0.175,0.8,0.025,2.8121484814398203E-4,0.0,0.0,0.999718785151856
56,2,0.15,0.825,0.025,0.0,0.0,0.0,1.0
56,4,0.425,0.0,0.575,0.0,1.0,0.0,0.0
56,6,0.0,0.9,0.1,1.0,0.0,0.0,0.0
56,8,0.0,0.975,0.025,1.0,0.0,0.0,0.0
56,10,0.0,0.925,0.075,1.0,0.0,0.0,0.0
56,12,0.0,0.975,0.025,1.0,0.0,0.0,0.0
56,14,0.0,1.0,0.0,1.0,0.0,0.0,0.0
56,16,0.0,0.925,0.075,1.0,0.0,0.0,0.0
56,18,0.0,0.925,0.075,1.0,0.0,0.0,0.0
56,20,0.0,0.9,0.1,1.0,0.0,0.0,0.0
56,22,0.0,0.9,0.1,1.0,0.0,0.0,0.0
56,24,0.0,0.95,0.05,1.0,0.0,0.0,0.0
56,26,0.0,0.95,0.05,1.0,0.0,0.0,0.0
57,0,0.0,0.75,0.25,1.0,0.0,0.0,0.0
57,2,0.225,0.0,0.775,0.0,0.0,1.0,0.0
57,4,0.25,0.0,0.75,0.0,1.0,0.0,0.0
57,6,0.0,1.0,0.0,1.0,0.0,0.0,0.0
57,8,0.0,0.95,0.05,1.0,0.0,0.0,0.0
57,10,0.125,0.825,0.05,0.0,0.0,0.0,1.0
57,12,0.2,0.775,0.025,0.0,0.0,0.0,1.0
57,14,0.25,0.725,0.025,0.0,0.0,0.0,1.0
57,16,0.175,0.775,0.05,0.0,0.0,0.0,1.0
57,18,0.125,0.825,0.05,0.0,0.0,0.0,1.0
57,20,0.175,0.75,0.075,0.0,0.0,0.0,1.0
57,22,0.2,0.775,0.025,0.0,0.0,0.0,1.0
57,24,0.15,0.85,0.0,0.0,0.0,0.0,1.0
57,26,0.2,0.725,0.075,0.0,0.0,0.0,1.0
58,0,0.275,0.0,0.725,0.0,1.0,0.0,0.0
58,2,0.3,0.0,0.7,0.0,1.0,0.0,0.0
58,4,0.0,0.95,0.05,1.0,0.0,0.0,0.0
58,6,0.35,0.625,0.025,0.0,0.0,0.0,1.0
58,8,0.175,0.8,0.025,0.0,0.0,0.0,1.0
58,10,0.125,0.85,0.025,0.0,0.0,0.0,1.0
58,12,0.225,0.75,0.025,2.832058906825262E-4,0.0,0.0,0.9997167941093175
58,14,0.175,0.8,0.025,0.0,0.0,0.0,1.0
58,16,0.125,0.875,0.0,0.0,0.0,0.0,1.0
58,18,0.2,0.8,0.0,2.8153153153153153E-4,0.0,0.0,0.9997184684684685
58,20,0.175,0.775,0.05,2.8793550244745177E-4,0.0,0.0,0.9997120644975526
58,22,0.225,0.675,0.1,3.109452736318408E-4,0.0,0.0,0.9996890547263682
58,24,0.225,0.725,0.05,0.0,0.0,0.0,1.0
58,26,0.1,0.9,0.0,0.0,0.0,0.0,1.0
59,0,0.35,0.0,0.65,0.0,1.0,0.0,0.0
59,2,0.0,0.85,0.15,1.0,0.0,0.0,0.0
59,4,0.1,0.6,0.3,0.0,0.0,0.0,1.0
59,6,0.0,0.8,0.2,1.0,0.0,0.0,0.0
59,8,0.0,0.725,0.275,1.0,0.0,0.0,0.0
59,10,0.05,0.625,0.325,0.0,0.0,0.0,1.0
59,12,0.125,0.525,0.35,0.0,0.0,0.0,1.0
59,14,0.0,0.725,0.275,1.0,0.0,0.0,0.0
59,16,0.25,0.625,0.125,0.0,0.0,0.0,1.0
59,18,0.1,0.7,0.2,0.0,0.0,0.0,1.0
59,20,0.0,0.9,0.1,1.0,0.0,0.0,0.0
59,22,0.1,0.525,0.375,0.0,0.0,0.0,1.0
59,24,0.15,0.7,0.15,6.167129201356768E-4,0.0,0.0,0.9993832870798643
59,26,0.25,0.6,0.15,9.514747859181732E-4,0.0,0.0,0.9990485252140818
60,0,0.175,0.0,0.825,0.0,1.0,0.0,0.0
60,2,0.1,0.0,0.9,0.0,0.0,1.0,0.0
60,4,0.275,0.675,0.05,0.0,0.0,0.0,1.0
60,6,0.15,0.8,0.05,0.0,0.0,0.0,1.0
60,8,0.2,0.775,0.025,0.0,0.0,0.0,1.0
60,10,0.225,0.775,0.0,0.0,0.0,0.0,1.0
60,12,0.3,0.65,0.05,0.0,0.0,0.0,1.0
60,14,0.15,0.8,0.05,0.0,0.0,0.0,1.0
60,16,0.25,0.725,0.025,0.0,0.0,0.0,1.0
60,18,0.225,0.725,0.05,0.0,0.0,0.0,1.0
60,20,0.15,0.825,0.025,0.0,0.0,0.0,1.0
60,22,0.4,0.6,0.0,0.0,0.0,0.0,1.0
60,24,0.15,0.8,0.05,0.0,0.0,0.0,1.0
60,26,0.325,0.65,0.025,0.0,0.0,0.0,1.0
61,0,0.175,0.825,0.0,5.577244841048522E-4,0.0,0.0,0.9994422755158952
61,2,0.175,0.75,0.075,0.0,0.0,0.0,1.0
61,4,0.1,0.85,0.05,0.0,0.0,0.0,1.0
61,6,0.275,0.0,0.725,0.0,1.0,0.0,0.0
61,8,0.175,0.0,0.825,0.0,1.0,0.0,0.0
61,10,0.15,0.85,0.0,0.0,0.0,0.0,1.0
61,12,0.225,0.75,0.025,0.0,0.0,0.0,1.0
61,14,0.2,0.775,0.025,0.0,0.0,0.0,1.0
61,16,0.15,0.8,0.05,0.0,0.0,0.0,1.0
61,18,0.125,0.825,0.05,0.0,0.0,0.0,1.0
61,20,0.175,0.825,0.0,0.0,0.0,0.0,1.0
61,22,0.225,0.75,0.025,0.0,0.0,0.0,1.0
61,24,0.25,0.75,0.0,0.0,0.0,0.0,1.0
61,26,0.3,0.65,0.05,0.0,0.0,0.0,1.0
62,0,0.075,0.0,0.925,0.0,0.0,1.0,0.0
62,2,0.25,0.675,0.075,0.0,0.0,0.0,1.0
62,4,0.25,0.7,0.05,0.0,0.0,0.0,1.0
62,6,0.1,0.875,0.025,0.0,0.0,0.0,1.0
62,8,0.225,0.7,0.075,0.0,0.0,0.0,1.0
62,10,0.2,0.8,0.0,0.0,0.0,0.0,1.0
62,12,0.1,0.875,0.025,0.0,0.0,0.0,1.0
62,14,0.225,0.675,0.1,0.0,0.0,0.0,1.0
62,16,0.25,0.725,0.025,0.0,0.0,0.0,1.0
62,18,0.25,0.7,0.05,0.0,0.0,0.0,1.0
62,20,0.275,0.675,0.05,0.0,0.0,0.0,1.0
62,22,0.225,0.75,0.025,0.0,0.0,0.0,1.0
62,24,0.15,0.775,0.075,0.0,0.0,0.0,1.0
62,26,0.25,0.7,0.05,0.0,0.0,0.0,1.0
63,0,0.0,0.825,0.175,1.0,0.0,0.0,0.0
63,2,0.0,0.975,0.025,1.0,0.0,0.0,0.0
63,4,0.275,0.0,0.725,0.0,1.0,0.0,0.0
63,6,0.225,0.75,0.025,0.0,0.0,0.0,1.0
63,8,0.0,0.9,0.1,1.0,0.0,0.0,0.0
63,10,0.0,0.825,0.175,1.0,0.0,0.0,0.0
63,12,0.3,0.6,0.1,6.325110689437065E-4,0.0,0.0,0.9993674889310563
63,14,0.0,0.875,0.125,1.0,0.0,0.0,0.0
63,16,0.2,0.725,0.075,0.0,0.0,0.0,1.0
63,18,0.175,0.825,0.0,2.8208744710860365E-4,0.0,0.0,0.9997179125528914
63,20,0.175,0.825,0.0,5.654509471303364E-4,0.0,0.0,0.9994345490528697
63,22,0.225,0.725,0.05,6.047777441790142E-4,0.0,0.0,0.999395222255821
63,24,0.225,0.75,0.025,6.013229104028864E-4,0.0,0.0,0.9993986770895971
63,26,0.175,0.825,0.0,2.7085590465872155E-4,0.0,0.0,0.9997291440953413
64,0,0.0,0.9,0.1,1.0,0.0,0.0,0.0
64,2,0.2,0.8,0.0,0.0,0.0,0.0,1.0
64,4,0.225,0.775,0.0,5.672149744753262E-4,0.0,0.0,0.9994327850255247
64,6,0.15,0.0,0.85,0.0,0.0,1.0,0.0
64,8,0.15,0.8,0.05,8.539709649871904E-4,0.0,0.0,0.9991460290350128
64,10,0.15,0.8,0.05,8.595988538681948E-4,0.0,0.0,0.9991404011461318
64,12,0.275,0.7,0.025,8.640552995391706E-4,0.0,0.0,0.9991359447004609
64,14,0.15,0.825,0.025,0.0,0.0,0.0,1.0
64,16,0.225,0.775,0.0,5.805515239477503E-4,0.0,0.0,0.9994194484760522
64,18,0.15,0.85,0.0,2.8368794326241134E-4,0.0,0.0,0.9997163120567376
64,20,0.225,0.725,0.05,5.714285714285715E-4,0.0,0.0,0.9994285714285714
64,22,0.125,0.85,0.025,0.0,0.0,0.0,1.0
64,24,0.1,0.875,0.025,2.727024815925825E-4,0.0,0.0,0.9997272975184074
64,26,0.25,0.65,0.1,0.001197246333433104,0.0,0.0,0.9988027536665669
65,0,0.2,0.0,0.8,0.0,0.0,1.0,0.0
65,2,0.35,0.0,0.65,0.0,1.0,0.0,0.0
65,4,0.075,0.925,0.0,0.0,0.0,0.0,1.0
65,6,0.1,0.9,0.0,0.0,0.0,0.0,1.0
65,8,0.2,0.775,0.025,0.0,0.0,0.0,1.0
65,10,0.225,0.75,0.025,0.0,0.0,0.0,1.0
65,12,0.125,0.85,0.025,0.0,0.0,0.0,1.0
65,14,0.175,0.825,0.0,0.0,0.0,0.0,1.0
65,16,0.2,0.75,0.05,0.0,0.0,0.0,1.0
65,18,0.15,0.825,0.025,0.0,0.0,0.0,1.0
65,20,0.15,0.85,0.0,0.0,0.0,0.0,1.0
65,22,0.125,0.875,0.0,0.0,0.0,0.0,1.0
65,24,0.05,0.95,0.0,0.0,0.0,0.0,1.0
65,26,0.25,0.725,0.025,0.0,0.0,0.0,1.0
66,0,0.05,0.0,0.95,0.0,0.0,1.0,0.0
66,2,0.175,0.75,0.075,0.0,0.0,0.0,1.0
66,4,0.275,0.65,0.075,0.0,0.0,0.0,1.0
66,6,0.0,0.9,0.1,1.0,0.0,0.0,0.0
66,8,0.3,0.625,0.075,0.0,3.0376670716889426E-4,0.0,0.9996962332928311
66,10,0.0,0.925,0.075,1.0,0.0,0.0,0.0
66,12,0.225,0.7,0.075,0.0,0.0,0.0,1.0
66,14,0.2,0.725,0.075,0.0,8.867868755542418E-4,0.0,0.9991132131244458
66,16,0.275,0.725,0.0,0.0,0.0011802891708468574,0.0,0.9988197108291531
66,18,0.175,0.825,0.0,0.0,0.0011065006915629322,0.0,0.9988934993084371
66,20,0.175,0.8,0.025,0.0,5.585032113934655E-4,0.0,0.9994414967886065
66,22,0.05,0.875,0.075,0.0,2.7464982147761604E-4,0.0,0.9997253501785224
66,24,0.2,0.8,0.0,0.0,5.856515373352855E-4,0.0,0.9994143484626647
66,26,0.175,0.8,0.025,0.0,2.7419797093501506E-4,0.0,0.999725802029065
67,0,0.0,0.95,0.05,1.0,0.0,0.0,0.0
67,2,0.0,0.9,0.1,1.0,0.0,0.0,0.0
67,4,0.1,0.0,0.9,0.0,0.0,1.0,0.0
67,6,0.2,0.8,0.0,0.0,0.0,0.0,1.0
67,8,0.25,0.75,0.0,0.0,0.0,0.0,1.0
67,10,0.2,0.775,0.025,0.0,0.0,0.0,1.0
67,12,0.15,0.825,0.025,0.0,0.0,0.0,1.0
67,14,0.275,0.725,0.0,0.0,0.0,0.0,1.0
67,16,0.15,0.825,0.025,0.0,0.0,0.0,1.0
67,18,0.05,0.9,0.05,0.0,0.0,0.0,1.0
67,20,0.125,0.775,0.1,0.0,0.0,0.0,1.0
67,22,0.2,0.75,0.05,5.630630630630631E-4,0.0,0.0,0.9994369369369369
67,24,0.225,0.725,0.05,5.955926146515784E-4,0.0,0.0,0.9994044073853484
67,26,0.2,0.75,0.05,8.650519031141869E-4,0.0,0.0,0.9991349480968859
68,0,0.2,0.8,0.0,0.0,0.0,0.0,1.0
68,2,0.225,0.0,0.775,0.0,1.0,0.0,0.0
68,4,0.25,0.0,0.75,0.0,1.0,0.0,0.0
68,6,0.275,0.7,0.025,0.0,0.0,0.0,1.0
68,8,0.25,0.7,0.05,0.0,0.0,0.0,1.0
68,10,0.175,0.775,0.05,0.0,0.0,0.0,1.0
68,12,0.125,0.775,0.1,0.0,0.0,0.0,1.0
68,14,0.2,0.8,0.0,0.0,0.0,0.0,1.0
68,16,0.2,0.775,0.025,0.0,0.0,0.0,1.0
68,18,0.175,0.8,0.025,0.0,0.0,0.0,1.0
68,20,0.125,0.85,0.025,0.0,0.0,0.0,1.0
68,22,0.125,0.825,0.05,0.0,0.0,0.0,1.0
68,24,0.275,0.7,0.025,0.0,0.0,0.0,1.0
68,26,0.275,0.7,0.025,0.0,0.0,0.0,1.0
69,0,0.3,0.0,0.7,0.0,1.0,0.0,0.0
69,2,0.0,0.9,0.1,1.0,0.0,0.0,0.0
69,4,0.3,0.0,0.7,0.0,1.0,0.0,0.0
69,6,0.0,0.85,0.15,1.0,0.0,0.0,0.0
69,8,0.225,0.7,0.075,0.0,0.0,0.0,1.0
69,10,0.225,0.75,0.025,0.0,0.0,0.0,1.0
69,12,0.25,0.675,0.075,0.0,0.0,0.0,1.0
69,14,0.25,0.725,0.025,0.0,0.0,0.0,1.0
69,16,0.125,0.875,0.0,0.0,0.0,0.0,1.0
69,18,0.25,0.675,0.075,0.0,0.0,0.0,1.0
69,20,0.075,0.875,0.05,0.0,0.0,0.0,1.0
69,22,0.2,0.725,0.075,0.0,0.0,0.0,1.0
69,24,0.175,0.775,0.05,0.0,0.0,0.0,1.0
69,26,0.1,0.9,0.0,0.0,0.0,0.0,1.0
70,0,0.0,0.875,0.125,1.0,0.0,0.0,0.0
70,2,0.1,0.0,0.9,0.0,0.0,1.0,0.0
70,4,0.175,0.75,0.075,0.0,0.0,0.0,1.0
70,6,0.15,0.775,0.075,0.0,0.0,0.0,1.0
70,8,0.1,0.85,0.05,0.0,0.0,0.0,1.0
70,10,0.4,0.0,0.6,0.0,1.0,0.0,0.0
70,12,0.2,0.75,0.05,5.797101449275362E-4,0.0,0.0,0.9994202898550725
70,14,0.025,0.95,0.025,0.0,0.0,0.0,1.0
70,16,0.2,0.8,0.0,8.450704225352113E-4,0.0,0.0,0.9991549295774648
70,18,0.125,0.875,0.0,0.0,0.0,0.0,1.0
70,20,0.25,0.75,0.0,8.987417615338526E-4,0.0,0.0,0.9991012582384662
70,22,0.2,0.8,0.0,2.7901785714285713E-4,0.0,0.0,0.9997209821428571
70,24,0.225,0.7,0.075,2.9239766081871346E-4,0.0,0.0,0.9997076023391813
70,26,0.275,0.7,0.025,3.1725888324873094E-4,0.0,0.0,0.9996827411167513
71,0,0.0,0.9,0.1,1.0,0.0,0.0,0.0
71,2,0.3,0.625,0.075,0.0,0.0,0.0,1.0
71,4,0.175,0.775,0.05,0.0,0.0,0.0,1.0
71,6,0.175,0.8,0.025,0.0,0.0,0.0,1.0
71,8,0.175,0.75,0.075,0.0,0.0,0.0,1.0
71,10,0.175,0.775,0.05,0.0,2.8686173264486515E-4,0.0,0.9997131382673551
71,12,0.225,0.725,0.05,0.0,0.0,0.0,1.0
71,14,0.25,0.7,0.05,0.0,0.0,0.0,1.0
71,16,0.275,0.7,0.025,0.0,0.0,0.0,1.0
71,18,0.2,0.775,0.025,0.0,0.0,0.0,1.0
71,20,0.3,0.65,0.05,0.0,0.0,0.0,1.0
71,22,0.1,0.9,0.0,0.0,0.0,0.0,1.0
71,24,0.175,0.775,0.05,0.0,0.0,0.0,1.0
71,26,0.175,0.825,0.0,0.0,0.0,0.0,1.0
72,0,0.35,0.625,0.025,0.0,0.0,0.0,1.0
72,2,0.1,0.8,0.1,0.0,0.0,0.0,1.0
72,4,0.15,0.0,0.85,0.0,0.0,1.0,0.0
72,6,0.0,0.925,0.075,1.0,0.0,0.0,0.0
72,8,0.0,0.95,0.05,1.0,0.0,0.0,0.0
72,10,0.2,0.675,0.125,8.91000891000891E-4,0.0,0.0,0.9991089991089991
72,12,0.225,0.75,0.025,0.0,0.0,0.0,1.0
72,14,0.2,0.775,0.025,0.0,0.0,0.0,1.0
72,16,0.375,0.625,0.0,0.0,0.0,0.0,1.0
72,18,0.225,0.725,0.05,0.0,0.0,0.0,1.0
72,20,0.275,0.725,0.0,0.0,0.0,0.0,1.0
72,22,0.125,0.8,0.075,0.0,0.0,0.0,1.0
72,24,0.275,0.675,0.05,0.0,0.0,0.0,1.0
72,26,0.175,0.775,0.05,0.0,0.0,0.0,1.0
73,0,0.475,0.0,0.525,0.0,1.0,0.0,0.0
73,2,0.0,0.925,0.075,1.0,0.0,0.0,0.0
73,4,0.3,0.675,0.025,0.0,0.0,0.0,1.0
73,6,0.075,0.85,0.075,0.0,0.0,0.0,1.0
73,8,0.075,0.925,0.0,0.0,0.0,0.0,1.0
73,10,0.225,0.675,0.1,0.0,0.0,0.0,1.0
73,12,0.175,0.8,0.025,0.0,0.0,0.0,1.0
73,14,0.2,0.775,0.025,0.0,0.0,0.0,1.0
73,16,0.15,0.8,0.05,0.0,0.0,0.0,1.0
73,18,0.2,0.775,0.025,0.0,0.0,0.0,1.0
73,20,0.325,0.6,0.075,0.0,0.0,0.0,1.0
73,22,0.25,0.675,0.075,0.0,0.0,0.0,1.0
73,24,0.275,0.725,0.0,0.0,0.0,0.0,1.0
73,26,0.225,0.7,0.075,0.0,0.0,0.0,1.0
74,0,0.075,0.0,0.925,0.0,0.0,1.0,0.0
74,2,0.175,0.0,0.825,0.0,1.0,0.0,0.0
74,4,0.0,0.925,0.075,1.0,0.0,0.0,0.0
74,6,0.2,0.75,0.05,0.0,0.0,0.0,1.0
74,8,0.125,0.775,0.1,0.0,0.0,0.0,1.0
74,10,0.125,0.875,0.0,0.0,0.0,0.0,1.0
74,12,0.2,0.8,0.0,0.0,0.0,0.0,1.0
74,14,0.2,0.775,0.025,0.0,0.0,0.0,1.0
74,16,0.3,0.65,0.05,0.0,0.0,0.0,1.0
74,18,0.225,0.75,0.025,0.0,0.0,0.0,1.0
74,20,0.1,0.9,0.0,0.0,0.0,0.0,1.0
74,22,0.275,0.675,0.05,0.0,0.0,0.0,1.0
74,24,0.125,0.875,0.0,0.0,0.0,0.0,1.0
74,26,0.125,0.825,0.05,0.0,0.0,0.0,1.0
75,0,0.0,0.925,0.075,1.0,0.0,0.0,0.0
75,2,0.15,0.575,0.275,0.0,0.0,0.0,1.0
75,4,0.075,0.675,0.25,0.0,0.0,0.0,1.0
75,6,0.2,0.5,0.3,0.0,0.0,0.0,1.0
75,8,0.1,0.525,0.375,0.0,0.0,0.0,1.0
75,10,0.25,0.625,0.125,0.0,0.0,0.0,1.0
75,12,0.0,0.825,0.175,1.0,0.0,0.0,0.0
75,14,0.0,0.7,0.3,1.0,0.0,0.0,0.0
75,16,0.275,0.55,0.175,0.0,0.0,0.0,1.0
75,18,0.0,0.7,0.3,1.0,0.0,0.0,0.0
75,20,0.0,0.775,0.225,1.0,0.0,0.0,0.0
75,22,0.0,0.775,0.225,1.0,0.0,0.0,0.0
75,24,0.0,0.725,0.275,1.0,0.0,0.0,0.0
75,26,0.0,0.675,0.325,1.0,0.0,0.0,0.0
76,0,0.175,0.525,0.3,0.0,0.0014908684308609765,0.0,0.998509131569139
76,2,0.125,0.0,0.875,0.0,0.0,1.0,0.0
76,4,0.125,0.875,0.0,0.0,0.0,0.0,1.0
76,6,0.075,0.875,0.05,0.0,0.0,0.0,1.0
76,8,0.2,0.775,0.025,5.735589331803843E-4,0.0,0.0,0.9994264410668197
76,10,0.0,0.975,0.025,1.0,0.0,0.0,0.0
76,12,0.0,0.95,0.05,1.0,0.0,0.0,0.0
76,14,0.175,0.775,0.05,2.886836027713626E-4,0.0,0.0,0.9997113163972287
76,16,0.15,0.825,0.025,5.699629524080935E-4,0.0,0.0,0.9994300370475919
76,18,0.3,0.7,0.0,0.0014771048744460858,0.0,0.0,0.9985228951255539
76,20,0.3,0.675,0.025,9.014423076923077E-4,0.0,0.0,0.9990985576923077
76,22,0.25,0.725,0.025,8.807985907222549E-4,0.0,0.0,0.9991192014092778
76,24,0.225,0.725,0.05,0.0,0.0,0.0,1.0
76,26,0.325,0.675,0.0,6.042296072507553E-4,0.0,0.0,0.9993957703927493
77,0,0.0,0.85,0.15,1.0,0.0,0.0,0.0
77,2,0.075,0.625,0.3,0.0,0.0,0.0,1.0
77,4,0.125,0.5,0.375,0.0,0.0,0.0,1.0
77,6,0.075,0.575,0.35,0.0,0.0,0.0,1.0
77,8,0.1,0.6,0.3,0.0,0.0,0.0,1.0
77,10,0.175,0.525,0.3,0.0,0.0,0.0,1.0
77,12,0.15,0.575,0.275,0.0,0.0,0.0,1.0
77,14,0.2,0.55,0.25,0.0,0.0,0.0,1.0
77,16,0.075,0.65,0.275,0.0,0.0,0.0,1.0
77,18,0.175,0.5,0.325,0.0,0.0,0.0,1.0
77,20,0.125,0.45,0.425,0.0,0.0,0.0,1.0
77,22,0.175,0.675,0.15,0.0,0.0,0.0,1.0
77,24,0.05,0.675,0.275,0.0,0.0,0.0,1.0
77,26,0.15,0.525,0.325,0.0,0.0,0.0,1.0
78,0,0.0,0.725,0.275,1.0,0.0,0.0,0.0
78,2,0.1,0.575,0.325,0.0,0.0,0.0,1.0
78,4,0.075,0.6,0.325,0.0,0.0,0.0,1.0
78,6,0.15,0.525,0.325,0.0,0.0,0.0,1.0
78,8,0.15,0.6,0.25,0.0,0.0,0.0,1.0
78,10,0.0,0.0,1.0,0.0,0.0,1.0,0.0
78,12,0.225,0.725,0.05,0.0,0.0,0.0,1.0
78,14,0.125,0.85,0.025,0.0,0.0,0.0,1.0
78,16,0.225,0.75,0.025,0.0,0.0,0.0,1.0
78,18,0.175,0.8,0.025,0.0,0.0,0.0,1.0
78,20,0.225,0.75,0.025,0.0,0.0,0.0,1.0
78,22,0.1,0.9,0.0,0.0,0.0,0.0,1.0
78,24,0.325,0.575,0.1,0.0,0.0,0.0,1.0
78,26,0.25,0.75,0.0,0.0,0.0,0.0,1.0
79,0,0.0,0.95,0.05,1.0,0.0,0.0,0.0
79,2,0.075,0.925,0.0,0.0,0.0,0.0,1.0
79,4,0.075,0.0,0.925,0.0,0.0,1.0,0.0
79,6,0.0,0.975,0.025,1.0,0.0,0.0,0.0
79,8,0.0,0.9,0.1,1.0,0.0,0.0,0.0
79,10,0.15,0.775,0.075,0.0,0.0,0.0,1.0
79,12,0.325,0.625,0.05,0.0,0.0,0.0,1.0
79,14,0.2,0.75,0.05,0.0,0.0,0.0,1.0
79,16,0.225,0.75,0.025,0.0,0.0,0.0,1.0
79,18,0.2,0.75,0.05,0.0,0.0,0.0,1.0
79,20,0.275,0.7,0.025,0.0,0.0,0.0,1.0
79,22,0.15,0.825,0.025,0.0,0.0,0.0,1.0
79,24,0.25,0.725,0.025,0.0,0.0,0.0,1.0
79,26,0.25,0.75,0.0,0.0,0.0,0.0,1.0
80,0,0.075,0.0,0.925,0.0,0.0,1.0,0.0
80,2,0.3,0.0,0.7,0.0,1.0,0.0,0.0
80,4,0.325,0.625,0.05,0.0,0.0,0.0,1.0
80,6,0.225,0.75,0.025,0.0,0.0,0.0,1.0
80,8,0.0,0.925,0.075,1.0,0.0,0.0,0.0
80,10,0.225,0.75,0.025,0.0,0.0,0.0,1.0
80,12,0.15,0.825,0.025,0.0,0.0,0.0,1.0
80,14,0.125,0.85,0.025,0.0,0.0,0.0,1.0
80,16,0.225,0.775,0.0,0.0,0.0,0.0,1.0
80,18,0.3,0.6,0.1,0.0,0.0,0.0,1.0
80,20,0.15,0.825,0.025,0.0,0.0,0.0,1.0
80,22,0.225,0.675,0.1,0.0,0.0,0.0,1.0
80,24,0.175,0.825,0.0,0.0,0.0,0.0,1.0
80,26,0.25,0.75,0.0,0.0,0.0,0.0,1.0
81,0,0.05,0.0,0.95,0.0,0.0,1.0,0.0
81,2,0.2,0.0,0.8,0.0,1.0,0.0,0.0
81,4,0.3,0.7,0.0,9.2109303039607E-4,0.0,0.0,0.9990789069696039
81,6,0.175,0.75,0.075,5.802146794313896E-4,0.0,0.0,0.9994197853205686
81,8,0.2,0.8,0.0,0.0,0.0,0.0,1.0
81,10,0.15,0.8,0.05,0.0,0.0,0.0,1.0
81,12,0.125,0.825,0.05,0.0,0.0,0.0,1.0
81,14,0.175,0.775,0.05,0.0,0.0,0.0,1.0
81,16,0.125,0.875,0.0,0.0,0.0,0.0,1.0
81,18,0.25,0.675,0.075,0.0,0.0,0.0,1.0
81,20,0.15,0.825,0.025,0.0,0.0,0.0,1.0
81,22,0.125,0.85,0.025,0.0,0.0,0.0,1.0
81,24,0.275,0.7,0.025,0.0,0.0,0.0,1.0
81,26,0.25,0.725,0.025,0.0,0.0,0.0,1.0
82,0,0.0,0.975,0.025,1.0,0.0,0.0,0.0
82,2,0.05,0.0,0.95,0.0,0.0,1.0,0.0
82,4,0.0,0.975,0.025,1.0,0.0,0.0,0.0
82,6,0.225,0.725,0.05,2.86286859433152E-4,0.0,0.0,0.9997137131405669
82,8,0.1,0.9,0.0,0.0,0.0,0.0,1.0
82,10,0.25,0.75,0.0,0.0,0.0,0.0,1.0
82,12,0.125,0.875,0.0,0.0,0.0,0.0,1.0
82,14,0.125,0.875,0.0,0.0,0.0,0.0,1.0
82,16,0.225,0.65,0.125,0.0,0.0,0.0,1.0
82,18,0.075,0.875,0.05,0.0,0.0,0.0,1.0
82,20,0.1,0.9,0.0,0.0,0.0,0.0,1.0
82,22,0.225,0.75,0.025,0.0,0.0,0.0,1.0
82,24,0.1,0.875,0.025,0.0,0.0,0.0,1.0
82,26,0.175,0.825,0.0,0.0,0.0,0.0,1.0
83,0,0.075,0.0,0.925,0.0,0.0,1.0,0.0
83,2,0.275,0.0,0.725,0.0,1.0,0.0,0.0
83,4,0.125,0.875,0.0,0.0,0.0,0.0,1.0
83,6,0.225,0.725,0.05,0.0,0.0,0.0,1.0
83,8,0.35,0.65,0.0,0.0,0.0,0.0,1.0
83,10,0.3,0.675,0.025,0.0,0.0,0.0,1.0
83,12,0.25,0.75,0.0,0.0,0.0,0.0,1.0
83,14,0.15,0.8,0.05,0.0,0.0,0.0,1.0
83,16,0.175,0.825,0.0,0.0,0.0,0.0,1.0
83,18,0.225,0.75,0.025,0.0,0.0,0.0,1.0
83,20,0.125,0.85,0.025,0.0,0.0,0.0,1.0
83,22,0.425,0.55,0.025,0.0,0.0,0.0,1.0
83,24,0.075,0.9,0.025,0.0,0.0,0.0,1.0
83,26,0.3,0.65,0.05,0.0,0.0,0.0,1.0
84,0,0.125,0.0,0.875,0.0,0.0,1.0,0.0
84,2,0.325,0.0,0.675,0.0,1.0,0.0,0.0
84,4,0.175,0.775,0.05,0.0,0.0,0.0,1.0
84,6,0.15,0.825,0.025,0.0,0.0,0.0,1.0
84,8,0.3,0.65,0.05,0.0,0.0,0.0,1.0
84,10,0.225,0.725,0.05,0.0,0.0,0.0,1.0
84,12,0.125,0.8,0.075,0.0,0.0,0.0,1.0
84,14,0.175,0.8,0.025,0.0,0.0,0.0,1.0
84,16,0.225,0.75,0.025,0.0,0.0,0.0,1.0
84,18,0.175,0.825,0.0,0.0,0.0,0.0,1.0
84,20,0.3,0.65,0.05,0.0,0.0,0.0,1.0
84,22,0.15,0.85,0.0,0.0,0.0,0.0,1.0
84,24,0.125,0.875,0.0,0.0,0.0,0.0,1.0
84,26,0.175,0.775,0.05,0.0,0.0,0.0,1.0
85,0,0.1,0.0,0.9,0.0,0.0,1.0,0.0
85,2,0.2,0.775,0.025,0.0,0.0,2.7901785714285713E-4,0.9997209821428571
85,4,0.3,0.65,0.05,0.0,0.0,0.0,1.0
85,6,0.0,0.775,0.225,1.0,0.0,0.0,0.0
85,8,0.125,0.6,0.275,0.0,0.0,0.0,1.0
85,10,0.175,0.575,0.25,0.0,0.0,0.0,1.0
85,12,0.1,0.675,0.225,0.0,0.0,0.0,1.0
85,14,0.125,0.7,0.175,0.0,0.0,0.0,1.0
85,16,0.1,0.525,0.375,0.0,0.0,0.0,1.0
85,18,0.125,0.6,0.275,0.0,0.0,0.0,1.0
85,20,0.125,0.6,0.275,0.0,0.0,0.0,1.0
85,22,0.075,0.525,0.4,0.0,0.0,0.0,1.0
85,24,0.225,0.625,0.15,0.0,0.0,0.0,1.0
85,26,0.225,0.775,0.0,0.0,0.0,0.0,1.0
86,0,0.325,0.0,0.675,0.0,1.0,0.0,0.0
86,2,0.0,0.975,0.025,1.0,0.0,0.0,0.0
86,4,0.0,0.95,0.05,1.0,0.0,0.0,0.0
86,6,0.225,0.775,0.0,0.0,0.0,0.0,1.0
86,8,0.15,0.825,0.025,0.0,0.0,0.0,1.0
86,10,0.25,0.675,0.075,0.0,0.0,0.0,1.0
86,12,0.0,0.9,0.1,1.0,0.0,0.0,0.0
86,14,0.0,0.95,0.05,1.0,0.0,0.0,0.0
86,16,0.0,0.85,0.15,1.0,0.0,0.0,0.0
86,18,0.0,0.95,0.05,1.0,0.0,0.0,0.0
86,20,0.0,0.9,0.1,1.0,0.0,0.0,0.0
86,22,0.0,0.875,0.125,1.0,0.0,0.0,0.0
86,24,0.0,0.85,0.15,1.0,0.0,0.0,0.0
86,26,0.0,0.9,0.1,1.0,0.0,0.0,0.0
87,0,0.275,0.0,0.725,0.0,1.0,0.0,0.0
87,2,0.175,0.8,0.025,0.0,0.0,0.0,1.0
87,4,0.0,0.85,0.15,1.0,0.0,0.0,0.0
87,6,0.0,0.75,0.25,1.0,0.0,0.0,0.0
87,8,0.0,0.75,0.25,1.0,0.0,0.0,0.0
87,10,0.0,0.8,0.2,1.0,0.0,0.0,0.0
87,12,0.0,0.775,0.225,1.0,0.0,0.0,0.0
87,14,0.0,0.7,0.3,1.0,0.0,0.0,0.0
87,16,0.0,0.65,0.35,1.0,0.0,0.0,0.0
87,18,0.0,0.8,0.2,1.0,0.0,0.0,0.0
87,20,0.0,0.8,0.2,1.0,0.0,0.0,0.0
87,22,0.0,0.8,0.2,1.0,0.0,0.0,0.0
87,24,0.0,0.65,0.35,1.0,0.0,0.0,0.0
87,26,0.0,0.775,0.225,1.0,0.0,0.0,0.0
88,0,0.0,0.75,0.25,1.0,0.0,0.0,0.0
88,2,0.3,0.0,0.7,0.0,1.0,0.0,0.0
88,4,0.25,0.575,0.175,0.0,0.0,0.0,1.0
88,6,0.3,0.0,0.7,0.0,1.0,0.0,0.0
88,8,0.15,0.0,0.85,0.0,0.0,1.0,0.0
88,10,0.0,0.925,0.075,1.0,0.0,0.0,0.0
88,12,0.225,0.725,0.05,0.0,0.0,0.0,1.0
88,14,0.225,0.75,0.025,0.0,0.0,0.0,1.0
88,16,0.15,0.825,0.025,0.0,0.0,0.0,1.0
88,18,0.125,0.85,0.025,0.0,0.0,0.0,1.0
88,20,0.225,0.75,0.025,0.0,0.0,0.0,1.0
88,22,0.175,0.775,0.05,0.0,0.0,0.0,1.0
88,24,0.225,0.75,0.025,0.0,0.0,0.0,1.0
88,26,0.2,0.8,0.0,0.0,0.0,0.0,1.0
89,0,0.1,0.0,0.9,0.0,0.0,1.0,0.0
89,2,0.25,0.75,0.0,0.0,0.0,0.0,1.0
89,4,0.15,0.825,0.025,0.0,0.0,0.0,1.0
89,6,0.15,0.825,0.025,0.0,0.0,0.0,1.0
89,8,0.15,0.825,0.025,0.0,0.0,0.0,1.0
89,10,0.175,0.825,0.0,0.0,0.0,0.0,1.0
89,12,0.175,0.775,0.05,0.0,0.0,0.0,1.0
89,14,0.175,0.775,0.05,0.0,0.0,0.0,1.0
89,16,0.225,0.75,0.025,0.0,0.0,0.0,1.0
89,18,0.275,0.675,0.05,0.0,0.0,0.0,1.0
89,20,0.225,0.725,0.05,0.0,0.0,0.0,1.0
89,22,0.175,0.825,0.0,0.0,0.0,0.0,1.0
89,24,0.225,0.775,0.0,0.0,0.0,0.0,1.0
89,26,0.2,0.725,0.075,0.0,0.0,0.0,1.0
90,0,0.075,0.0,0.925,0.0,0.0,1.0,0.0
90,2,0.375,0.0,0.625,0.0,1.0,0.0,0.0
90,4,0.325,0.65,0.025,0.0,0.0,0.0,1.0
90,6,0.275,0.7,0.025,0.0,0.0,0.0,1.0
90,8,0.15,0.825,0.025,0.0,0.0,0.0,1.0
90,10,0.15,0.775,0.075,0.0,0.0,0.0,1.0
90,12,0.25,0.65,0.1,0.0,0.0,0.0,1.0
90,14,0.2,0.8,0.0,0.0,0.0,0.0,1.0
90,16,0.25,0.725,0.025,0.0,0.0,0.0,1.0
90,18,0.125,0.8,0.075,0.0,0.0,0.0,1.0
90,20,0.25,0.75,0.0,0.0,0.0,0.0,1.0
90,22,0.225,0.775,0.0,0.0,0.0,0.0,1.0
90,24,0.175,0.75,0.075,0.0,0.0,0.0,1.0
90,26,0.175,0.725,0.1,0.0,0.0,0.0,1.0
91,0,0.1,0.0,0.9,0.0,0.0,1.0,0.0
91,2,0.275,0.0,0.725,0.0,1.0,0.0,0.0
91,4,0.25,0.0,0.75,0.0,1.0,0.0,0.0
91,6,0.0,0.85,0.15,1.0,0.0,0.0,0.0
91,8,0.0,0.925,0.075,1.0,0.0,0.0,0.0
91,10,0.0,0.975,0.025,1.0,0.0,0.0,0.0
91,12,0.2,0.775,0.025,0.0,0.0,0.0,1.0
91,14,0.275,0.725,0.0,0.0,0.0,0.0,1.0
91,16,0.25,0.725,0.025,0.0,0.0,0.0,1.0
91,18,0.15,0.75,0.1,0.0,0.0,0.0,1.0
91,20,0.2,0.775,0.025,0.0,0.0,0.0,1.0
91,22,0.3,0.7,0.0,0.0,0.0,0.0,1.0
91,24,0.25,0.7,0.05,0.0,0.0,0.0,1.0
91,26,0.175,0.8,0.025,0.0,0.0,0.0,1.0
92,0,0.0,0.85,0.15,1.0,0.0,0.0,0.0
92,2,0.2,0.7,0.1,0.0,0.0,0.0,1.0
92,4,0.2,0.725,0.075,0.0,0.0,0.0,1.0
92,6,0.25,0.725,0.025,6.047777441790142E-4,0.0,0.0,0.999395222255821
92,8,0.225,0.75,0.025,0.0,0.0,0.0,1.0
92,10,0.275,0.7,0.025,3.0330603579011223E-4,0.0,0.0,0.9996966939642099
92,12,0.0,0.825,0.175,1.0,0.0,0.0,0.0
92,14,0.0,0.975,0.025,1.0,0.0,0.0,0.0
92,16,0.0,0.975,0.025,1.0,0.0,0.0,0.0
92,18,0.0,0.875,0.125,1.0,0.0,0.0,0.0
92,20,0.0,0.925,0.075,1.0,0.0,0.0,0.0
92,22,0.225,0.775,0.0,0.0,0.0,0.0,1.0
92,24,0.225,0.75,0.025,0.0,0.0,0.0,1.0
92,26,0.25,0.725,0.025,0.0,0.0,0.0,1.0
93,0,0.1,0.0,0.9,0.0,0.0,1.0,0.0
93,2,0.0,0.9,0.1,1.0,0.0,0.0,0.0
93,4,0.275,0.7,0.025,0.0,0.0,0.0,1.0
93,6,0.0,1.0,0.0,1.0,0.0,0.0,0.0
93,8,0.0,0.9,0.1,1.0,0.0,0.0,0.0
93,10,0.0,0.9,0.1,1.0,0.0,0.0,0.0
93,12,0.0,0.85,0.15,1.0,0.0,0.0,0.0
93,14,0.175,0.8,0.025,0.0,0.0,0.0,1.0
93,16,0.275,0.7,0.025,0.0,0.0,0.0,1.0
93,18,0.225,0.75,0.025,0.0,0.0,0.0,1.0
93,20,0.175,0.725,0.1,0.0,0.0,0.0,1.0
93,22,0.15,0.775,0.075,0.0,0.0,0.0,1.0
93,24,0.25,0.75,0.0,0.0,0.0,0.0,1.0
93,26,0.2,0.8,0.0,0.0,0.0,0.0,1.0
94,0,0.15,0.0,0.85,0.0,0.0,1.0,0.0
94,2,0.15,0.775,0.075,0.0,0.0,0.0,1.0
94,4,0.225,0.65,0.125,0.0,0.0,0.0,1.0
94,6,0.15,0.825,0.025,0.0,0.0,0.0,1.0
94,8,0.2,0.775,0.025,0.0,0.0,0.0,1.0
94,10,0.25,0.7,0.05,0.0,0.0,0.0,1.0
94,12,0.25,0.7,0.05,0.0,0.0,0.0,1.0
94,14,0.175,0.775,0.05,0.0,0.0,0.0,1.0
94,16,0.1,0.875,0.025,0.0,0.0,0.0,1.0
94,18,0.275,0.7,0.025,0.0,0.0,0.0,1.0
94,20,0.125,0.875,0.0,0.0,0.0,0.0,1.0
94,22,0.15,0.825,0.025,0.0,0.0,0.0,1.0
94,24,0.2,0.775,0.025,0.0,0.0,0.0,1.0
94,26,0.225,0.725,0.05,0.0,0.0,0.0,1.0
95,0,0.125,0.0,0.875,0.0,0.0,1.0,0.0
95,2,0.0,0.925,0.075,1.0,0.0,0.0,0.0
95,4,0.225,0.7,0.075,0.0,0.0,0.0,1.0
95,6,0.15,0.825,0.025,0.0,0.0,0.0,1.0
95,8,0.0,0.9,0.1,1.0,0.0,0.0,0.0
95,10,0.125,0.85,0.025,0.0,0.0,0.0,1.0
95,12,0.225,0.0,0.775,0.0,1.0,0.0,0.0
95,14,0.0,0.875,0.125,1.0,0.0,0.0,0.0
95,16,0.0,0.925,0.075,1.0,0.0,0.0,0.0
95,18,0.125,0.85,0.025,0.0,0.0,0.0,1.0
95,20,0.15,0.825,0.025,0.0,0.0,0.0,1.0
95,22,0.3,0.675,0.025,0.0,0.0,0.0,1.0
95,24,0.225,0.65,0.125,0.0,0.0,0.0,1.0
95,26,0.075,0.875,0.05,0.0,0.0,0.0,1.0
96,0,0.0,0.95,0.05,1.0,0.0,0.0,0.0
96,2,0.2,0.75,0.05,0.0,0.0,0.0,1.0
96,4,0.2,0.8,0.0,0.0,0.0,0.0,1.0
96,6,0.25,0.75,0.0,0.0,0.0,0.0,1.0
96,8,0.175,0.8,0.025,0.0,0.0,0.0,1.0
96,10,0.175,0.75,0.075,0.0,0.0,0.0,1.0
96,12,0.175,0.75,0.075,0.0,0.0,0.0,1.0
96,14,0.25,0.725,0.025,0.0,0.0,0.0,1.0
96,16,0.25,0.725,0.025,0.0,0.0,0.0,1.0
96,18,0.25,0.725,0.025,0.0,0.0,0.0,1.0
96,20,0.1,0.85,0.05,0.0,0.0,0.0,1.0
96,22,0.2,0.775,0.025,0.0,0.0,0.0,1.0
96,24,0.35,0.625,0.025,0.0,0.0,0.0,1.0
96,26,0.275,0.7,0.025,0.0,0.0,0.0,1.0
97,0,0.0,0.875,0.125,1.0,0.0,0.0,0.0
97,2,0.0,0.925,0.075,1.0,0.0,0.0,0.0
97,4,0.15,0.0,0.85,0.0,0.0,1.0,0.0
97,6,0.025,0.775,0.2,0.0,0.0,0.0,1.0
97,8,0.425,0.0,0.575,0.0,1.0,0.0,0.0
97,10,0.275,0.65,0.075,0.0,0.0,0.0,1.0
97,12,0.2,0.775,0.025,8.703220191470844E-4,0.0,0.0,0.999129677980853
97,14,0.25,0.7,0.05,3.0385900941962927E-4,0.0,0.0,0.9996961409905804
97,16,0.25,0.75,0.0,2.86286859433152E-4,0.0,0.0,0.9997137131405669
97,18,0.3,0.675,0.025,6.114338122898196E-4,0.0,0.0,0.9993885661877102
97,20,0.2,0.775,0.025,2.880184331797235E-4,0.0,0.0,0.9997119815668203
97,22,0.3,0.7,0.0,8.675534991324465E-4,0.0,0.0,0.9991324465008675
97,24,0.175,0.8,0.025,2.8312570781426955E-4,0.0,0.0,0.9997168742921857
97,26,0.175,0.8,0.025,8.481764206955047E-4,0.0,0.0,0.9991518235793045
98,0,0.025,0.0,0.975,0.0,0.0,1.0,0.0
98,2,0.0,0.975,0.025,1.0,0.0,0.0,0.0
98,4,0.0,0.85,0.15,1.0,0.0,0.0,0.0
98,6,0.225,0.525,0.25,0.0,0.0,0.0,1.0
98,8,0.125,0.5,0.375,0.0,0.0,0.0,1.0
98,10,0.125,0.625,0.25,0.0,0.0,0.0,1.0
98,12,0.1,0.625,0.275,0.0,0.0,0.0,1.0
98,14,0.175,0.525,0.3,0.0,0.0,0.0,1.0
98,16,0.25,0.6,0.15,0.0,0.0,0.0,1.0
98,18,0.3,0.625,0.075,0.0,0.0,0.0,1.0
98,20,0.175,0.825,0.0,0.0,0.0,0.0,1.0
98,22,0.1,0.8,0.1,0.0,0.0,0.0,1.0
98,24,0.125,0.8,0.075,0.0,0.0,0.0,1.0
98,26,0.2,0.725,0.075,0.0,0.0,0.0,1.0
99,0,0.0,0.975,0.025,1.0,0.0,0.0,0.0
99,2,0.3,0.0,0.7,0.0,1.0,0.0,0.0
99,4,0.125,0.875,0.0,0.0,0.0,0.0,1.0
99,6,0.0,0.95,0.05,1.0,0.0,0.0,0.0
99,8,0.0,0.95,0.05,1.0,0.0,0.0,0.0
99,10,0.225,0.75,0.025,0.0,0.0,0.0,1.0
99,12,0.0,0.8,0.2,1.0,0.0,0.0,0.0
99,14,0.25,0.725,0.025,0.0,0.0,0.0,1.0
99,16,0.325,0.65,0.025,0.0,0.0,0.0,1.0
99,18,0.1,0.875,0.025,0.0,0.0,0.0,1.0
99,20,0.3,0.675,0.025,0.0,0.0,0.0,1.0
99,22,0.2,0.75,0.05,0.0,0.0,0.0,1.0
99,24,0.3,0.625,0.075,0.0,0.0,0.0,1.0
99,26,0.175,0.775,0.05,0.0,0.0,0.0,1.0
100,0,0.075,0.0,0.925,0.0,0.0,1.0,0.0
