trial,epoch,winRate,tieRate
0,0,0.76,0.0
0,2,0.36,0.0
0,4,0.88,0.08
0,6,0.94,0.04
0,8,0.88,0.1
0,10,0.88,0.1
0,12,0.22,0.0
0,14,0.0,0.78
0,16,0.16,0.0
0,18,0.3,0.0
0,20,0.0,0.7
0,22,0.7,0.2
0,24,0.88,0.1
0,26,0.82,0.14
0,28,0.86,0.12
0,30,0.98,0.02
0,32,0.88,0.06
0,34,0.96,0.04
0,36,0.88,0.08
0,38,0.88,0.08
0,40,0.88,0.1
0,42,0.82,0.18
0,44,0.88,0.08
0,46,0.94,0.04
0,48,0.86,0.1
1,0,0.82,0.12
1,2,0.2,0.0
1,4,0.0,0.84
1,6,0.86,0.12
1,8,0.84,0.14
1,10,0.0,0.86
1,12,0.88,0.08
1,14,0.26,0.0
1,16,0.88,0.12
1,18,0.92,0.06
1,20,0.86,0.1
1,22,0.9,0.06
1,24,0.92,0.08
1,26,0.9,0.06
1,28,0.88,0.12
1,30,0.9,0.08
1,32,0.86,0.1
1,34,0.84,0.14
1,36,0.9,0.08
1,38,0.92,0.06
1,40,0.88,0.12
1,42,0.86,0.12
1,44,0.88,0.1
1,46,0.88,0.1
1,48,0.96,0.04
2,0,0.2,0.0
2,2,0.0,0.72
2,4,0.0,0.66
2,6,0.36,0.0
2,8,0.24,0.0
2,10,0.24,0.0
2,12,0.3,0.0
2,14,0.38,0.0
2,16,0.26,0.0
2,18,0.16,0.0
2,20,0.22,0.0
2,22,0.88,0.1
2,24,0.8,0.08
2,26,0.94,0.06
2,28,0.9,0.1
2,30,0.9,0.08
2,32,0.92,0.08
2,34,0.82,0.16
2,36,0.82,0.14
2,38,0.9,0.1
2,40,0.84,0.1
2,42,0.82,0.12
2,44,0.86,0.12
2,46,0.88,0.1
2,48,0.9,0.08
3,0,0.28,0.0
3,2,0.86,0.1
3,4,0.18,0.0
3,6,0.94,0.06
3,8,0.84,0.12
3,10,0.24,0.0
3,12,0.2,0.0
3,14,0.9,0.08
3,16,0.88,0.06
3,18,0.88,0.1
3,20,0.84,0.1
3,22,0.94,0.06
3,24,0.86,0.1
3,26,0.76,0.22
3,28,0.92,0.06
3,30,0.84,0.16
3,32,0.88,0.12
3,34,0.86,0.12
3,36,0.84,0.14
3,38,0.86,0.12
3,40,0.94,0.02
3,42,0.88,0.12
3,44,0.88,0.1
3,46,0.82,0.16
3,48,0.88,0.1
4,0,0.3,0.0
4,2,0.84,0.14
4,4,0.16,0.0
4,6,0.36,0.0
4,8,0.2,0.0
4,10,0.92,0.08
4,12,0.94,0.04
4,14,0.92,0.08
4,16,0.88,0.08
4,18,0.94,0.06
4,20,0.88,0.12
4,22,0.96,0.04
4,24,0.92,0.08
4,26,0.82,0.16
4,28,0.92,0.06
4,30,0.92,0.08
4,32,0.98,0.02
4,34,0.96,0.02
4,36,0.88,0.1
4,38,0.96,0.04
4,40,0.84,0.12
4,42,0.88,0.1
4,44,0.88,0.12
4,46,0.92,0.08
4,48,0.9,0.1
5,0,0.26,0.0
5,2,0.26,0.0
5,4,0.88,0.1
5,6,0.86,0.14
5,8,0.96,0.02
5,10,0.22,0.0
5,12,0.44,0.0
5,14,0.84,0.1
5,16,0.86,0.14
5,18,0.9,0.1
5,20,0.9,0.08
5,22,0.88,0.08
5,24,0.84,0.12
5,26,0.82,0.14
5,28,0.94,0.06
5,30,0.88,0.12
5,32,0.86,0.14
5,34,0.84,0.16
5,36,0.94,0.06
5,38,0.88,0.1
5,40,0.98,0.02
5,42,0.96,0.04
5,44,0.88,0.1
5,46,0.88,0.12
5,48,0.88,0.12
6,0,0.34,0.0
6,2,0.84,0.14
6,4,0.0,0.72
6,6,0.2,0.0
6,8,0.82,0.12
6,10,0.22,0.0
6,12,0.9,0.08
6,14,0.9,0.06
6,16,0.92,0.08
6,18,0.84,0.12
6,20,0.84,0.12
6,22,0.86,0.12
6,24,0.96,0.02
6,26,0.96,0.04
6,28,0.82,0.12
6,30,0.86,0.12
6,32,0.94,0.06
6,34,0.9,0.06
6,36,0.82,0.18
6,38,0.92,0.04
6,40,0.82,0.14
6,42,0.84,0.12
6,44,0.84,0.12
6,46,0.92,0.08
6,48,0.98,0.02
7,0,0.0,0.72
7,2,0.9,0.1
7,4,0.0,0.82
7,6,0.26,0.0
7,8,0.86,0.1
7,10,0.28,0.0
7,12,0.88,0.08
7,14,0.94,0.04
7,16,0.88,0.1
7,18,0.96,0.04
7,20,0.94,0.06
7,22,0.9,0.08
7,24,0.82,0.14
7,26,0.84,0.14
7,28,0.96,0.02
7,30,0.88,0.1
7,32,0.84,0.1
7,34,0.84,0.16
7,36,0.86,0.08
7,38,0.92,0.06
7,40,0.86,0.1
7,42,0.9,0.06
7,44,0.82,0.16
7,46,0.94,0.04
7,48,0.8,0.16
8,0,0.9,0.06
8,2,0.22,0.0
8,4,0.0,0.72
8,6,0.0,0.76
8,8,0.3,0.0
8,10,0.08,0.0
8,12,0.82,0.12
8,14,0.0,0.7
8,16,0.0,0.74
8,18,0.82,0.16
8,20,0.9,0.06
8,22,0.88,0.1
8,24,0.84,0.14
8,26,0.92,0.06
8,28,0.96,0.04
8,30,0.96,0.04
8,32,0.92,0.08
8,34,0.96,0.02
8,36,0.88,0.08
8,38,0.9,0.1
8,40,0.78,0.16
8,42,0.86,0.1
8,44,0.88,0.06
8,46,0.86,0.1
8,48,0.88,0.12
9,0,0.26,0.0
9,2,0.0,0.88
9,4,0.1,0.0
9,6,0.18,0.0
9,8,0.88,0.08
9,10,0.28,0.0
9,12,0.22,0.0
9,14,0.9,0.1
9,16,0.84,0.16
9,18,0.82,0.14
9,20,0.92,0.06
9,22,0.8,0.16
9,24,0.84,0.1
9,26,0.86,0.12
9,28,0.9,0.08
9,30,0.84,0.14
9,32,0.94,0.06
9,34,0.96,0.04
9,36,0.92,0.08
9,38,0.94,0.06
9,40,0.88,0.12
9,42,0.84,0.12
9,44,0.82,0.18
9,46,0.9,0.1
9,48,0.86,0.1
10,0,0.3,0.0
10,2,0.2,0.0
10,4,0.9,0.08
10,6,0.18,0.0
10,8,0.86,0.08
10,10,0.12,0.0
10,12,0.26,0.0
10,14,0.2,0.0
10,16,0.16,0.0
10,18,0.88,0.06
10,20,0.78,0.18
10,22,0.86,0.14
10,24,0.96,0.04
10,26,0.86,0.1
10,28,0.9,0.1
10,30,0.86,0.1
10,32,0.84,0.12
10,34,0.86,0.1
10,36,0.74,0.2
10,38,0.86,0.14
10,40,0.88,0.06
10,42,0.88,0.12
10,44,0.92,0.06
10,46,0.9,0.1
10,48,0.86,0.08
11,0,0.12,0.0
11,2,0.4,0.0
11,4,0.82,0.14
11,6,0.0,0.7
11,8,0.78,0.18
11,10,0.0,0.66
11,12,0.0,0.62
11,14,0.0,0.72
11,16,0.82,0.12
11,18,0.96,0.04
11,20,0.22,0.0
11,22,0.9,0.08
11,24,0.18,0.0
11,26,0.34,0.0
11,28,0.22,0.0
11,30,0.88,0.1
11,32,0.86,0.12
11,34,0.96,0.04
11,36,0.84,0.14
11,38,0.94,0.06
11,40,0.86,0.1
11,42,0.98,0.02
11,44,0.88,0.12
11,46,0.88,0.1
11,48,0.84,0.1
12,0,0.2,0.0
12,2,0.0,0.78
12,4,0.36,0.0
12,6,0.9,0.1
12,8,0.88,0.12
12,10,0.88,0.08
12,12,0.0,0.74
12,14,0.84,0.16
12,16,0.94,0.06
12,18,0.82,0.18
12,20,0.92,0.08
12,22,0.94,0.06
12,24,0.92,0.08
12,26,0.88,0.1
12,28,0.86,0.1
12,30,0.84,0.12
12,32,0.9,0.1
12,34,0.92,0.06
12,36,0.88,0.12
12,38,0.84,0.12
12,40,0.96,0.04
12,42,0.88,0.1
12,44,0.9,0.1
12,46,0.86,0.12
12,48,0.92,0.08
13,0,0.84,0.12
13,2,0.88,0.1
13,4,0.2,0.0
13,6,0.9,0.06
13,8,0.86,0.1
13,10,0.34,0.0
13,12,0.22,0.0
13,14,0.8,0.18
13,16,0.88,0.12
13,18,0.92,0.08
13,20,0.9,0.08
13,22,0.86,0.1
13,24,0.92,0.08
13,26,0.8,0.18
13,28,0.96,0.04
13,30,0.9,0.1
13,32,0.94,0.06
13,34,0.84,0.14
13,36,0.9,0.08
13,38,0.88,0.06
13,40,0.88,0.08
13,42,0.94,0.06
13,44,0.84,0.12
13,46,0.9,0.1
13,48,0.92,0.06
14,0,0.0,0.72
14,2,0.9,0.1
14,4,0.98,0.02
14,6,0.24,0.0
14,8,0.88,0.08
14,10,0.88,0.06
14,12,0.96,0.02
14,14,0.86,0.14
14,16,0.0,0.76
14,18,0.94,0.04
14,20,0.8,0.16
14,22,0.94,0.06
14,24,0.84,0.14
14,26,0.82,0.16
14,28,0.82,0.16
14,30,0.96,0.02
14,32,0.9,0.08
14,34,0.88,0.08
14,36,0.94,0.04
14,38,0.82,0.18
14,40,0.84,0.12
14,42,0.92,0.08
14,44,0.84,0.14
14,46,0.9,0.06
14,48,0.9,0.08
15,0,0.24,0.0
15,2,0.9,0.08
15,4,0.2,0.0
15,6,0.2,0.0
15,8,0.32,0.0
15,10,0.32,0.0
15,12,0.0,0.74
15,14,0.94,0.06
15,16,0.9,0.08
15,18,0.18,0.0
15,20,0.84,0.14
15,22,0.96,0.02
15,24,0.9,0.1
15,26,0.94,0.06
15,28,0.88,0.1
15,30,0.94,0.06
15,32,0.82,0.18
15,34,0.82,0.14
15,36,0.92,0.04
15,38,0.88,0.08
15,40,0.86,0.12
15,42,0.86,0.1
15,44,0.88,0.1
15,46,0.92,0.04
15,48,0.88,0.1
16,0,0.3,0.0
16,2,0.98,0.02
16,4,0.0,0.64
16,6,0.82,0.14
16,8,0.88,0.1
16,10,0.28,0.0
16,12,0.84,0.16
16,14,0.78,0.18
16,16,0.98,0.02
16,18,0.92,0.04
16,20,0.2,0.0
16,22,0.78,0.18
16,24,0.88,0.1
16,26,0.9,0.06
16,28,0.92,0.04
16,30,0.94,0.04
16,32,0.86,0.1
16,34,0.88,0.1
16,36,0.82,0.12
16,38,0.76,0.2
16,40,0.84,0.16
16,42,0.88,0.12
16,44,0.88,0.06
16,46,0.84,0.14
16,48,0.92,0.08
17,0,0.92,0.08
17,2,0.16,0.0
17,4,0.0,0.7
17,6,0.86,0.14
17,8,0.2,0.0
17,10,0.0,0.82
17,12,0.2,0.0
17,14,0.24,0.0
17,16,0.0,0.74
17,18,0.0,0.78
17,20,0.9,0.1
17,22,0.92,0.06
17,24,0.88,0.08
17,26,0.86,0.12
17,28,0.88,0.12
17,30,0.88,0.1
17,32,0.78,0.2
17,34,0.82,0.14
17,36,0.9,0.08
17,38,0.88,0.1
17,40,0.9,0.08
17,42,0.88,0.1
17,44,0.9,0.1
17,46,0.84,0.14
17,48,0.92,0.06
18,0,0.24,0.0
18,2,0.0,0.84
18,4,0.96,0.04
18,6,0.0,0.8
18,8,0.2,0.0
18,10,0.0,0.72
18,12,0.0,0.72
18,14,0.0,0.8
18,16,0.0,0.72
18,18,0.86,0.14
18,20,0.0,0.82
18,22,0.9,0.04
18,24,0.86,0.12
18,26,0.94,0.06
18,28,0.88,0.12
18,30,0.82,0.18
18,32,0.88,0.1
18,34,0.92,0.08
18,36,0.82,0.18
18,38,0.9,0.1
18,40,0.86,0.12
18,42,0.82,0.18
18,44,0.86,0.12
18,46,0.94,0.04
18,48,0.88,0.12
19,0,0.0,0.78
19,2,0.96,0.04
19,4,0.26,0.0
19,6,0.26,0.0
19,8,0.22,0.0
19,10,0.84,0.14
19,12,0.86,0.14
19,14,0.9,0.1
19,16,0.94,0.06
19,18,0.92,0.06
19,20,0.88,0.08
19,22,0.92,0.02
19,24,0.94,0.06
19,26,0.94,0.06
19,28,0.82,0.14
19,30,0.86,0.12
19,32,0.86,0.12
19,34,0.84,0.14
19,36,0.88,0.08
19,38,0.84,0.12
19,40,0.86,0.14
19,42,0.86,0.1
19,44,0.94,0.06
19,46,0.84,0.12
19,48,0.92,0.06
20,0,0.0,0.76
20,2,0.26,0.0
20,4,0.0,0.72
20,6,0.0,0.84
20,8,0.88,0.1
20,10,0.0,0.8
20,12,0.14,0.0
20,14,0.18,0.0
20,16,0.2,0.0
20,18,0.14,0.0
20,20,0.82,0.18
20,22,0.28,0.0
20,24,0.86,0.14
20,26,0.88,0.08
20,28,0.78,0.16
20,30,0.88,0.1
20,32,0.82,0.16
20,34,0.9,0.08
20,36,0.96,0.04
20,38,0.9,0.1
20,40,0.86,0.12
20,42,0.9,0.1
20,44,0.92,0.04
20,46,0.88,0.1
20,48,0.9,0.02
21,0,0.32,0.0
21,2,0.0,0.88
21,4,0.88,0.1
21,6,0.26,0.0
21,8,0.28,0.0
21,10,0.8,0.18
21,12,0.0,0.74
21,14,0.12,0.0
21,16,0.34,0.0
21,18,0.26,0.0
21,20,0.14,0.0
21,22,0.82,0.16
21,24,0.84,0.14
21,26,0.86,0.14
21,28,0.84,0.14
21,30,0.92,0.08
21,32,0.92,0.04
21,34,0.92,0.06
21,36,0.88,0.1
21,38,0.9,0.1
21,40,0.94,0.06
21,42,0.88,0.12
21,44,0.96,0.04
21,46,0.9,0.1
21,48,0.88,0.12
22,0,0.0,0.66
22,2,0.26,0.0
22,4,0.92,0.04
22,6,0.26,0.0
22,8,0.0,0.7
22,10,0.9,0.08
22,12,0.92,0.08
22,14,0.2,0.0
22,16,0.88,0.08
22,18,0.86,0.12
22,20,0.9,0.06
22,22,0.9,0.06
22,24,0.86,0.08
22,26,0.86,0.12
22,28,0.86,0.1
22,30,0.92,0.04
22,32,0.84,0.12
22,34,0.92,0.08
22,36,0.76,0.22
22,38,0.92,0.06
22,40,0.88,0.12
22,42,0.88,0.12
22,44,0.92,0.08
22,46,0.9,0.1
22,48,0.9,0.1
23,0,0.84,0.14
23,2,0.16,0.0
23,4,0.26,0.0
23,6,0.0,0.7
23,8,0.0,0.78
23,10,0.94,0.06
23,12,0.82,0.14
23,14,0.0,0.76
23,16,0.94,0.06
23,18,0.3,0.0
23,20,0.88,0.12
23,22,0.9,0.1
23,24,0.88,0.1
23,26,0.9,0.08
23,28,0.84,0.14
23,30,0.9,0.08
23,32,0.82,0.14
23,34,0.9,0.1
23,36,0.9,0.1
23,38,0.74,0.22
23,40,0.92,0.08
23,42,0.88,0.08
23,44,0.92,0.08
23,46,0.84,0.16
23,48,0.86,0.12
24,0,0.18,0.0
24,2,0.26,0.0
24,4,0.0,0.68
24,6,0.28,0.0
24,8,0.24,0.0
24,10,0.94,0.04
24,12,0.22,0.0
24,14,0.0,0.62
24,16,0.22,0.0
24,18,0.74,0.14
24,20,0.28,0.0
24,22,0.28,0.0
24,24,0.12,0.0
24,26,0.88,0.08
24,28,0.88,0.06
24,30,0.88,0.12
24,32,0.84,0.14
24,34,0.84,0.12
24,36,0.9,0.1
24,38,0.88,0.12
24,40,0.86,0.1
24,42,0.9,0.08
24,44,0.88,0.12
24,46,0.82,0.18
24,48,0.9,0.06
25,0,0.18,0.0
25,2,0.0,0.68
25,4,0.0,0.7
25,6,0.88,0.1
25,8,0.82,0.1
25,10,0.82,0.14
25,12,0.9,0.06
25,14,0.22,0.0
25,16,0.94,0.04
25,18,0.88,0.1
25,20,0.92,0.04
25,22,0.9,0.1
25,24,0.88,0.1
25,26,0.22,0.0
25,28,0.92,0.04
25,30,0.92,0.06
25,32,0.86,0.1
25,34,0.86,0.12
25,36,0.92,0.06
25,38,0.86,0.14
25,40,0.94,0.02
25,42,0.88,0.1
25,44,0.86,0.14
25,46,0.96,0.0
25,48,0.88,0.12
26,0,0.36,0.0
26,2,0.3,0.0
26,4,0.84,0.14
26,6,0.88,0.1
26,8,0.88,0.12
26,10,0.82,0.14
26,12,0.86,0.12
26,14,0.0,0.86
26,16,0.16,0.0
26,18,0.0,0.8
26,20,0.94,0.06
26,22,0.86,0.1
26,24,0.94,0.04
26,26,0.88,0.1
26,28,0.92,0.06
26,30,0.84,0.16
26,32,0.94,0.06
26,34,0.92,0.06
26,36,0.96,0.04
26,38,0.88,0.12
26,40,0.92,0.08
26,42,0.9,0.1
26,44,0.82,0.14
26,46,0.88,0.1
26,48,0.88,0.12
27,0,0.32,0.0
27,2,0.22,0.0
27,4,0.0,0.84
27,6,0.26,0.0
27,8,0.0,0.68
27,10,0.32,0.0
27,12,0.8,0.18
27,14,0.88,0.1
27,16,0.82,0.12
27,18,0.2,0.0
27,20,0.92,0.08
27,22,0.94,0.06
27,24,0.9,0.1
27,26,0.98,0.02
27,28,0.84,0.16
27,30,0.84,0.12
27,32,0.96,0.04
27,34,0.92,0.08
27,36,0.92,0.08
27,38,0.98,0.0
27,40,0.94,0.06
27,42,0.9,0.08
27,44,0.88,0.12
27,46,0.86,0.14
27,48,0.86,0.12
28,0,0.88,0.1
28,2,0.82,0.14
28,4,0.92,0.08
28,6,0.9,0.08
28,8,0.94,0.06
28,10,0.84,0.14
28,12,0.28,0.0
28,14,0.86,0.12
28,16,0.38,0.0
28,18,0.2,0.0
28,20,0.9,0.08
28,22,0.88,0.12
28,24,0.96,0.04
28,26,0.88,0.06
28,28,0.96,0.0
28,30,0.92,0.06
28,32,0.88,0.12
28,34,0.94,0.04
28,36,0.86,0.14
28,38,0.92,0.08
28,40,0.9,0.1
28,42,0.94,0.06
28,44,0.94,0.06
28,46,0.78,0.2
28,48,0.88,0.1
29,0,0.18,0.0
29,2,0.26,0.0
29,4,0.92,0.08
29,6,0.88,0.1
29,8,0.0,0.8
29,10,0.0,0.76
29,12,0.0,0.7
29,14,0.0,0.74
29,16,0.0,0.74
29,18,0.92,0.08
29,20,0.9,0.08
29,22,0.84,0.16
29,24,0.9,0.08
29,26,0.18,0.0
29,28,0.86,0.1
29,30,0.92,0.06
29,32,0.8,0.18
29,34,0.92,0.08
29,36,0.9,0.06
29,38,0.8,0.16
29,40,0.9,0.08
29,42,0.9,0.08
29,44,0.86,0.1
29,46,0.92,0.06
29,48,0.8,0.14
30,0,0.28,0.0
30,2,0.0,0.76
30,4,0.8,0.16
30,6,0.0,0.7
30,8,0.14,0.0
30,10,0.94,0.06
30,12,0.0,0.72
30,14,0.24,0.0
30,16,0.88,0.08
30,18,0.26,0.0
30,20,0.84,0.12
30,22,0.92,0.08
30,24,0.84,0.08
30,26,0.94,0.06
30,28,0.84,0.14
30,30,0.9,0.06
30,32,0.96,0.02
30,34,0.84,0.12
30,36,0.86,0.12
30,38,0.9,0.08
30,40,0.92,0.02
30,42,0.82,0.16
30,44,0.88,0.12
30,46,0.9,0.06
30,48,0.9,0.1
31,0,0.9,0.1
31,2,0.22,0.0
31,4,0.2,0.0
31,6,0.86,0.14
31,8,0.0,0.68
31,10,0.2,0.0
31,12,0.86,0.14
31,14,0.26,0.0
31,16,0.84,0.14
31,18,0.9,0.08
31,20,0.9,0.08
31,22,0.94,0.06
31,24,0.9,0.06
31,26,0.88,0.1
31,28,0.9,0.06
31,30,0.92,0.06
31,32,0.96,0.04
31,34,0.84,0.14
31,36,0.9,0.08
31,38,0.92,0.06
31,40,0.92,0.04
31,42,0.94,0.04
31,44,0.88,0.1
31,46,0.94,0.06
31,48,0.92,0.08
32,0,0.0,0.76
32,2,0.26,0.0
32,4,0.18,0.0
32,6,0.94,0.04
32,8,0.82,0.12
32,10,0.26,0.0
32,12,0.24,0.0
32,14,0.88,0.1
32,16,0.0,0.76
32,18,0.42,0.0
32,20,0.3,0.0
32,22,0.92,0.08
32,24,0.8,0.16
32,26,0.86,0.14
32,28,0.92,0.08
32,30,0.86,0.12
32,32,0.9,0.08
32,34,0.94,0.06
32,36,0.86,0.1
32,38,0.88,0.12
32,40,0.88,0.06
32,42,0.86,0.12
32,44,0.96,0.02
32,46,0.9,0.08
32,48,0.96,0.04
33,0,0.2,0.0
33,2,0.92,0.06
33,4,0.16,0.0
33,6,0.24,0.0
33,8,0.24,0.0
33,10,0.32,0.0
33,12,0.24,0.0
33,14,0.44,0.0
33,16,0.0,0.78
33,18,0.92,0.08
33,20,0.94,0.06
33,22,0.86,0.12
33,24,0.82,0.16
33,26,0.88,0.1
33,28,0.88,0.1
33,30,0.84,0.14
33,32,0.8,0.2
33,34,0.78,0.18
33,36,0.86,0.14
33,38,0.92,0.04
33,40,0.82,0.14
33,42,0.88,0.1
33,44,0.86,0.14
33,46,0.92,0.08
33,48,0.92,0.08
34,0,0.34,0.0
34,2,0.0,0.8
34,4,0.86,0.14
34,6,0.0,0.76
34,8,0.92,0.08
34,10,0.92,0.08
34,12,0.18,0.0
34,14,0.92,0.08
34,16,0.92,0.08
34,18,0.92,0.08
34,20,0.9,0.08
34,22,0.92,0.06
34,24,0.96,0.02
34,26,0.92,0.08
34,28,0.86,0.12
34,30,0.7,0.24
34,32,0.86,0.12
34,34,0.8,0.18
34,36,0.9,0.1
34,38,0.84,0.12
34,40,0.96,0.0
34,42,0.9,0.06
34,44,0.88,0.12
34,46,0.92,0.08
34,48,0.86,0.08
35,0,0.9,0.08
35,2,0.0,0.8
35,4,0.18,0.0
35,6,0.12,0.0
35,8,0.9,0.1
35,10,0.34,0.0
35,12,0.96,0.04
35,14,0.84,0.12
35,16,0.12,0.0
35,18,0.32,0.0
35,20,0.94,0.04
35,22,0.84,0.12
35,24,0.88,0.08
35,26,0.9,0.08
35,28,0.88,0.08
35,30,0.9,0.1
35,32,0.94,0.0
35,34,0.9,0.08
35,36,0.9,0.1
35,38,0.92,0.08
35,40,0.96,0.04
35,42,0.88,0.1
35,44,0.92,0.06
35,46,0.86,0.14
35,48,0.92,0.08
36,0,0.22,0.0
36,2,0.24,0.0
36,4,0.12,0.0
36,6,0.9,0.08
36,8,0.34,0.0
36,10,0.3,0.0
36,12,0.16,0.0
36,14,0.3,0.0
36,16,0.0,0.8
36,18,0.86,0.1
36,20,0.86,0.12
36,22,0.92,0.06
36,24,0.92,0.08
36,26,0.9,0.08
36,28,0.92,0.08
36,30,0.9,0.06
36,32,0.88,0.1
36,34,0.92,0.06
36,36,0.86,0.14
36,38,0.92,0.08
36,40,0.92,0.08
36,42,0.98,0.02
36,44,0.92,0.06
36,46,0.88,0.1
36,48,0.88,0.08
37,0,0.84,0.14
37,2,0.0,0.8
37,4,0.92,0.06
37,6,0.92,0.06
37,8,0.22,0.0
37,10,0.92,0.08
37,12,0.32,0.0
37,14,0.94,0.04
37,16,0.92,0.04
37,18,0.86,0.1
37,20,0.9,0.1
37,22,0.84,0.12
37,24,0.86,0.12
37,26,0.9,0.1
37,28,0.84,0.08
37,30,0.9,0.08
37,32,0.92,0.08
37,34,0.86,0.14
37,36,0.82,0.16
37,38,0.98,0.02
37,40,0.9,0.06
37,42,0.88,0.1
37,44,0.88,0.12
37,46,0.84,0.14
37,48,0.9,0.08
38,0,0.22,0.0
38,2,0.88,0.08
38,4,0.9,0.1
38,6,0.18,0.0
38,8,0.28,0.0
38,10,0.86,0.1
38,12,0.9,0.08
38,14,0.82,0.12
38,16,0.9,0.08
38,18,0.9,0.06
38,20,0.96,0.04
38,22,0.92,0.08
38,24,0.92,0.08
38,26,0.9,0.08
38,28,0.88,0.1
38,30,0.8,0.2
38,32,0.94,0.06
38,34,0.88,0.1
38,36,0.9,0.1
38,38,0.88,0.06
38,40,0.86,0.12
38,42,0.86,0.12
38,44,0.82,0.16
38,46,0.74,0.24
38,48,0.88,0.12
39,0,0.86,0.1
39,2,0.24,0.0
39,4,0.0,0.74
39,6,0.32,0.0
39,8,0.28,0.0
39,10,0.18,0.0
39,12,0.84,0.14
39,14,0.94,0.04
39,16,0.2,0.0
39,18,0.96,0.04
39,20,0.8,0.18
39,22,0.9,0.08
39,24,0.84,0.16
39,26,0.9,0.1
39,28,0.94,0.04
39,30,0.88,0.08
39,32,0.92,0.04
39,34,0.84,0.16
39,36,0.9,0.04
39,38,0.9,0.04
39,40,0.92,0.08
39,42,0.88,0.08
39,44,0.84,0.12
39,46,0.92,0.06
39,48,0.88,0.1
40,0,0.14,0.0
40,2,0.0,0.74
40,4,0.92,0.08
40,6,0.78,0.18
40,8,0.92,0.06
40,10,0.28,0.0
40,12,0.0,0.72
40,14,0.0,0.82
40,16,0.92,0.08
40,18,0.18,0.0
40,20,0.9,0.08
40,22,0.94,0.06
40,24,0.8,0.16
40,26,0.9,0.08
40,28,0.94,0.06
40,30,0.84,0.14
40,32,0.88,0.12
40,34,0.92,0.08
40,36,0.88,0.08
40,38,0.76,0.22
40,40,0.88,0.12
40,42,0.88,0.1
40,44,0.94,0.02
40,46,0.8,0.1
40,48,0.9,0.1
41,0,0.88,0.08
41,2,0.26,0.0
41,4,0.94,0.06
41,6,0.0,0.82
41,8,0.0,0.76
41,10,0.0,0.68
41,12,0.96,0.04
41,14,0.88,0.12
41,16,0.14,0.0
41,18,0.84,0.16
41,20,0.92,0.06
41,22,0.9,0.06
41,24,0.96,0.04
41,26,0.84,0.1
41,28,0.88,0.12
41,30,0.8,0.14
41,32,0.9,0.1
41,34,0.86,0.1
41,36,0.92,0.08
41,38,0.92,0.06
41,40,0.9,0.08
41,42,0.88,0.12
41,44,0.96,0.04
41,46,0.8,0.18
41,48,0.92,0.02
42,0,0.22,0.0
42,2,0.18,0.0
42,4,0.0,0.7
42,6,0.0,0.74
42,8,0.18,0.0
42,10,0.0,0.8
42,12,0.0,0.8
42,14,0.94,0.04
42,16,0.78,0.22
42,18,0.86,0.08
42,20,0.94,0.06
42,22,0.86,0.12
42,24,0.9,0.04
42,26,0.88,0.12
42,28,0.92,0.08
42,30,0.82,0.18
42,32,0.92,0.06
42,34,0.9,0.1
42,36,0.92,0.06
42,38,0.92,0.02
42,40,0.92,0.08
42,42,0.88,0.12
42,44,0.88,0.1
42,46,0.86,0.06
42,48,0.9,0.1
43,0,0.3,0.0
43,2,0.84,0.16
43,4,0.0,0.84
43,6,0.88,0.08
43,8,0.86,0.14
43,10,0.0,0.64
43,12,0.88,0.1
43,14,0.88,0.12
43,16,0.84,0.12
43,18,0.94,0.04
43,20,0.94,0.06
43,22,0.82,0.14
43,24,0.9,0.08
43,26,0.9,0.1
43,28,0.92,0.06
43,30,0.96,0.04
43,32,0.96,0.02
43,34,0.88,0.08
43,36,0.94,0.04
43,38,0.82,0.16
43,40,0.92,0.08
43,42,0.88,0.12
43,44,0.78,0.2
43,46,0.96,0.02
43,48,0.86,0.14
44,0,0.12,0.0
44,2,0.0,0.88
44,4,0.0,0.8
44,6,0.0,0.78
44,8,0.0,0.8
44,10,0.0,0.66
44,12,0.9,0.08
44,14,0.32,0.0
44,16,0.9,0.1
44,18,0.92,0.06
44,20,0.84,0.12
44,22,0.26,0.0
44,24,0.88,0.1
44,26,0.86,0.08
44,28,0.9,0.08
44,30,0.9,0.08
44,32,0.92,0.08
44,34,0.9,0.1
44,36,0.94,0.04
44,38,0.88,0.12
44,40,0.94,0.06
44,42,0.88,0.08
44,44,0.94,0.06
44,46,0.9,0.08
44,48,0.88,0.1
45,0,0.0,0.74
45,2,0.3,0.0
45,4,0.86,0.12
45,6,0.3,0.0
45,8,0.88,0.08
45,10,0.8,0.16
45,12,0.92,0.06
45,14,0.24,0.0
45,16,0.84,0.14
45,18,0.12,0.0
45,20,0.84,0.14
45,22,0.86,0.12
45,24,0.94,0.04
45,26,0.86,0.12
45,28,0.86,0.1
45,30,0.9,0.08
45,32,0.88,0.1
45,34,0.86,0.14
45,36,0.94,0.04
45,38,0.92,0.04
45,40,0.9,0.1
45,42,0.92,0.08
45,44,0.96,0.04
45,46,0.88,0.1
45,48,0.92,0.08
46,0,0.0,0.86
46,2,0.0,0.82
46,4,0.9,0.08
46,6,0.16,0.0
46,8,0.74,0.22
46,10,0.3,0.0
46,12,0.84,0.14
46,14,0.86,0.14
46,16,0.26,0.0
46,18,0.82,0.14
46,20,0.88,0.12
46,22,0.84,0.14
46,24,0.92,0.08
46,26,0.92,0.08
46,28,0.88,0.08
46,30,0.82,0.16
46,32,0.92,0.08
46,34,0.9,0.1
46,36,0.9,0.08
46,38,0.8,0.18
46,40,0.82,0.14
46,42,0.82,0.16
46,44,0.94,0.04
46,46,0.78,0.16
46,48,0.92,0.08
47,0,0.86,0.12
47,2,0.0,0.86
47,4,0.88,0.1
47,6,0.92,0.08
47,8,0.22,0.0
47,10,0.9,0.1
47,12,0.26,0.0
47,14,0.26,0.0
47,16,0.2,0.0
47,18,0.3,0.0
47,20,0.94,0.06
47,22,0.86,0.14
47,24,0.24,0.0
47,26,0.2,0.0
47,28,0.88,0.12
47,30,0.9,0.06
47,32,0.98,0.02
47,34,0.84,0.12
47,36,0.9,0.06
47,38,0.9,0.06
47,40,0.9,0.1
47,42,0.9,0.1
47,44,0.88,0.08
47,46,0.86,0.08
47,48,0.84,0.08
48,0,0.24,0.0
48,2,0.0,0.8
48,4,0.16,0.0
48,6,0.9,0.06
48,8,0.2,0.0
48,10,0.2,0.0
48,12,0.28,0.0
48,14,0.3,0.0
48,16,0.32,0.0
48,18,0.92,0.08
48,20,0.88,0.1
48,22,0.84,0.12
48,24,0.92,0.08
48,26,0.92,0.06
48,28,0.86,0.12
48,30,0.9,0.1
48,32,0.94,0.04
48,34,0.78,0.2
48,36,0.9,0.06
48,38,0.94,0.06
48,40,0.78,0.18
48,42,0.92,0.08
48,44,0.92,0.06
48,46,0.92,0.08
48,48,0.88,0.1
49,0,0.22,0.0
49,2,0.0,0.92
49,4,0.36,0.0
49,6,0.0,0.76
49,8,0.2,0.0
49,10,0.32,0.0
49,12,0.3,0.0
49,14,0.28,0.0
49,16,0.0,0.78
49,18,0.26,0.0
49,20,0.82,0.12
49,22,0.82,0.16
49,24,0.82,0.14
49,26,0.94,0.06
49,28,0.96,0.04
49,30,0.9,0.06
49,32,0.86,0.12
49,34,0.86,0.1
49,36,0.96,0.04
49,38,0.84,0.12
49,40,0.86,0.12
49,42,0.84,0.14
49,44,0.9,0.06
49,46,0.98,0.02
49,48,0.92,0.08
50,0,0.0,0.78
50,2,0.9,0.1
50,4,0.82,0.14
50,6,0.9,0.1
50,8,0.88,0.1
50,10,0.96,0.04
50,12,0.0,0.7
50,14,0.18,0.0
50,16,0.92,0.08
50,18,0.86,0.12
50,20,0.92,0.08
50,22,0.84,0.12
50,24,0.92,0.08
50,26,0.9,0.1
50,28,0.86,0.1
50,30,0.94,0.06
50,32,0.88,0.12
50,34,0.88,0.12
50,36,0.92,0.08
50,38,0.9,0.04
50,40,0.9,0.08
50,42,0.94,0.06
50,44,0.9,0.1
50,46,0.98,0.0
50,48,0.9,0.06
51,0,0.82,0.16
51,2,0.0,0.72
51,4,0.0,0.78
51,6,0.16,0.0
51,8,0.88,0.1
51,10,0.22,0.0
51,12,0.18,0.0
51,14,0.0,0.74
51,16,0.22,0.0
51,18,0.9,0.08
51,20,0.76,0.2
51,22,0.96,0.02
51,24,0.88,0.12
51,26,0.9,0.1
51,28,0.9,0.08
51,30,0.88,0.1
51,32,0.88,0.1
51,34,0.88,0.12
51,36,0.92,0.08
51,38,0.92,0.08
51,40,0.98,0.02
51,42,0.86,0.08
51,44,0.9,0.02
51,46,0.86,0.14
51,48,0.84,0.14
52,0,0.22,0.0
52,2,0.38,0.0
52,4,0.78,0.18
52,6,0.2,0.0
52,8,0.0,0.84
52,10,0.94,0.04
52,12,0.2,0.0
52,14,0.84,0.14
52,16,0.84,0.16
52,18,0.92,0.08
52,20,0.76,0.18
52,22,0.92,0.08
52,24,0.86,0.1
52,26,0.92,0.04
52,28,0.86,0.08
52,30,0.88,0.1
52,32,0.86,0.12
52,34,0.84,0.16
52,36,0.88,0.1
52,38,0.86,0.14
52,40,0.9,0.08
52,42,0.92,0.04
52,44,0.78,0.16
52,46,0.76,0.2
52,48,0.84,0.14
53,0,0.36,0.0
53,2,0.0,0.82
53,4,0.3,0.0
53,6,0.82,0.16
53,8,0.86,0.14
53,10,0.16,0.0
53,12,0.94,0.04
53,14,0.26,0.0
53,16,0.92,0.04
53,18,0.84,0.16
53,20,0.8,0.16
53,22,0.82,0.14
53,24,0.86,0.1
53,26,0.9,0.08
53,28,0.84,0.12
53,30,0.84,0.12
53,32,0.92,0.08
53,34,0.92,0.08
53,36,0.92,0.06
53,38,0.94,0.06
53,40,0.96,0.04
53,42,0.8,0.14
53,44,0.88,0.12
53,46,0.96,0.04
53,48,0.86,0.1
54,0,0.88,0.1
54,2,0.28,0.0
54,4,0.9,0.08
54,6,0.0,0.8
54,8,0.18,0.0
54,10,0.9,0.08
54,12,0.16,0.0
54,14,0.84,0.16
54,16,0.28,0.0
54,18,0.94,0.06
54,20,0.86,0.14
54,22,0.9,0.08
54,24,0.96,0.04
54,26,0.9,0.06
54,28,0.84,0.14
54,30,0.88,0.08
54,32,0.9,0.08
54,34,0.86,0.12
54,36,0.84,0.12
54,38,0.86,0.12
54,40,0.9,0.08
54,42,0.86,0.14
54,44,0.92,0.06
54,46,0.92,0.08
54,48,0.9,0.08
55,0,0.0,0.8
55,2,0.44,0.0
55,4,0.84,0.14
55,6,0.9,0.1
55,8,0.28,0.0
55,10,0.26,0.0
55,12,0.84,0.12
55,14,0.8,0.14
55,16,0.3,0.0
55,18,0.92,0.08
55,20,0.88,0.08
55,22,0.88,0.06
55,24,0.92,0.06
55,26,0.9,0.1
55,28,0.8,0.16
55,30,0.9,0.08
55,32,0.94,0.06
55,34,0.86,0.1
55,36,0.96,0.02
55,38,0.96,0.02
55,40,0.8,0.18
55,42,0.9,0.1
55,44,0.82,0.16
55,46,0.92,0.08
55,48,0.88,0.08
56,0,0.0,0.78
56,2,0.84,0.14
56,4,0.0,0.7
56,6,0.94,0.04
56,8,0.8,0.14
56,10,0.26,0.0
56,12,0.2,0.0
56,14,0.16,0.0
56,16,0.94,0.06
56,18,0.18,0.0
56,20,0.22,0.0
56,22,0.94,0.06
56,24,0.84,0.1
56,26,0.82,0.16
56,28,0.9,0.08
56,30,0.9,0.08
56,32,0.86,0.14
56,34,0.96,0.04
56,36,0.86,0.14
56,38,0.88,0.12
56,40,0.8,0.16
56,42,0.88,0.1
56,44,0.94,0.06
56,46,0.92,0.08
56,48,0.88,0.12
57,0,0.9,0.1
57,2,0.0,0.74
57,4,0.98,0.02
57,6,0.86,0.08
57,8,0.0,0.76
57,10,0.88,0.12
57,12,0.82,0.16
57,14,0.88,0.08
57,16,0.92,0.06
57,18,0.92,0.08
57,20,0.94,0.04
57,22,0.88,0.12
57,24,0.92,0.06
57,26,0.8,0.18
57,28,0.86,0.12
57,30,0.98,0.02
57,32,0.94,0.06
57,34,0.88,0.12
57,36,0.94,0.04
57,38,0.92,0.08
57,40,0.9,0.08
57,42,0.94,0.06
57,44,0.92,0.06
57,46,0.84,0.14
57,48,0.9,0.1
58,0,0.26,0.0
58,2,0.0,0.7
58,4,0.12,0.0
58,6,0.36,0.0
58,8,0.2,0.0
58,10,0.94,0.06
58,12,0.92,0.06
58,14,0.88,0.12
58,16,0.0,0.88
58,18,0.12,0.0
58,20,0.28,0.0
58,22,0.9,0.06
58,24,0.92,0.08
58,26,0.9,0.1
58,28,0.88,0.1
58,30,0.96,0.04
58,32,0.94,0.06
58,34,0.88,0.12
58,36,0.84,0.16
58,38,0.92,0.08
58,40,0.82,0.16
58,42,0.78,0.2
58,44,0.9,0.04
58,46,0.94,0.06
58,48,0.8,0.14
59,0,0.4,0.0
59,2,0.96,0.04
59,4,0.0,0.78
59,6,0.32,0.0
59,8,0.4,0.0
59,10,0.22,0.0
59,12,0.9,0.1
59,14,0.84,0.14
59,16,0.94,0.02
59,18,0.9,0.06
59,20,0.86,0.14
59,22,0.9,0.1
59,24,0.86,0.1
59,26,0.88,0.06
59,28,0.96,0.04
59,30,0.86,0.12
59,32,0.9,0.06
59,34,0.9,0.1
59,36,0.94,0.06
59,38,0.88,0.1
59,40,0.9,0.1
59,42,0.9,0.08
59,44,0.9,0.1
59,46,0.94,0.02
59,48,0.9,0.1
60,0,0.28,0.0
60,2,0.24,0.0
60,4,0.92,0.04
60,6,0.92,0.08
60,8,0.84,0.12
60,10,0.9,0.1
60,12,0.22,0.0
60,14,0.88,0.1
60,16,0.86,0.1
60,18,0.86,0.12
60,20,0.88,0.1
60,22,0.92,0.08
60,24,0.96,0.0
60,26,0.88,0.08
60,28,0.62,0.3
60,30,0.88,0.08
60,32,0.92,0.06
60,34,0.88,0.08
60,36,0.88,0.08
60,38,0.88,0.06
60,40,0.88,0.1
60,42,0.86,0.12
60,44,0.98,0.0
60,46,0.86,0.12
60,48,0.84,0.1
61,0,0.24,0.0
61,2,0.0,0.7
61,4,0.0,0.74
61,6,0.1,0.0
61,8,0.18,0.0
61,10,0.84,0.16
61,12,0.9,0.06
61,14,0.96,0.04
61,16,0.0,0.76
61,18,0.0,0.82
61,20,0.9,0.1
61,22,0.94,0.06
61,24,0.9,0.08
61,26,0.88,0.08
61,28,0.82,0.14
61,30,0.92,0.08
61,32,0.84,0.1
61,34,0.86,0.14
61,36,0.88,0.06
61,38,0.82,0.14
61,40,0.72,0.14
61,42,0.9,0.06
61,44,0.98,0.02
61,46,0.84,0.16
61,48,0.88,0.12
62,0,0.32,0.0
62,2,0.88,0.12
62,4,0.16,0.0
62,6,0.2,0.0
62,8,0.22,0.0
62,10,0.92,0.08
62,12,0.0,0.62
62,14,0.18,0.0
62,16,0.9,0.1
62,18,0.88,0.08
62,20,0.9,0.1
62,22,0.88,0.08
62,24,0.92,0.04
62,26,0.96,0.02
62,28,0.8,0.18
62,30,0.9,0.1
62,32,0.84,0.12
62,34,0.86,0.14
62,36,0.94,0.06
62,38,0.82,0.14
62,40,0.82,0.16
62,42,0.8,0.2
62,44,0.92,0.06
62,46,0.9,0.1
62,48,0.88,0.08
63,0,0.92,0.04
63,2,0.0,0.72
63,4,0.88,0.1
63,6,0.92,0.06
63,8,0.16,0.0
63,10,0.78,0.16
63,12,0.3,0.0
63,14,0.86,0.12
63,16,0.92,0.06
63,18,0.94,0.04
63,20,0.82,0.18
63,22,0.9,0.1
63,24,0.88,0.12
63,26,0.88,0.1
63,28,0.9,0.08
63,30,0.9,0.08
63,32,0.9,0.1
63,34,0.88,0.08
63,36,0.92,0.04
63,38,0.94,0.06
63,40,0.88,0.12
63,42,0.82,0.16
63,44,0.88,0.12
63,46,0.86,0.12
63,48,0.88,0.1
64,0,0.18,0.0
64,2,0.24,0.0
64,4,0.0,0.82
64,6,0.28,0.0
64,8,0.96,0.02
64,10,0.9,0.1
64,12,0.82,0.16
64,14,0.88,0.12
64,16,0.94,0.06
64,18,0.9,0.08
64,20,0.88,0.08
64,22,0.92,0.08
64,24,0.86,0.12
64,26,0.9,0.08
64,28,0.9,0.1
64,30,0.9,0.1
64,32,0.9,0.1
64,34,0.92,0.06
64,36,0.8,0.16
64,38,0.84,0.12
64,40,0.88,0.12
64,42,0.88,0.1
64,44,0.9,0.1
64,46,0.86,0.12
64,48,0.92,0.04
65,0,0.24,0.0
65,2,0.32,0.0
65,4,0.14,0.0
65,6,0.34,0.0
65,8,0.88,0.1
65,10,0.26,0.0
65,12,0.94,0.06
65,14,0.26,0.0
65,16,0.94,0.06
65,18,0.86,0.12
65,20,0.92,0.06
65,22,0.26,0.0
65,24,0.92,0.06
65,26,0.84,0.14
65,28,0.98,0.02
65,30,0.9,0.08
65,32,0.92,0.08
65,34,0.94,0.06
65,36,0.92,0.08
65,38,0.84,0.14
65,40,0.86,0.14
65,42,0.84,0.16
65,44,0.88,0.1
65,46,0.92,0.06
65,48,0.84,0.14
66,0,0.86,0.12
66,2,0.2,0.0
66,4,0.0,0.8
66,6,0.0,0.84
66,8,0.28,0.0
66,10,0.26,0.0
66,12,0.0,0.76
66,14,0.36,0.0
66,16,0.88,0.12
66,18,0.9,0.06
66,20,0.18,0.0
66,22,0.24,0.0
66,24,0.94,0.06
66,26,0.24,0.0
66,28,0.88,0.12
66,30,0.94,0.04
66,32,0.94,0.06
66,34,0.88,0.08
66,36,0.94,0.04
66,38,0.94,0.06
66,40,0.88,0.1
66,42,0.9,0.08
66,44,0.84,0.14
66,46,0.88,0.12
66,48,0.84,0.12
67,0,0.3,0.0
67,2,0.86,0.12
67,4,0.3,0.0
67,6,0.82,0.16
67,8,0.42,0.0
67,10,0.28,0.0
67,12,0.86,0.12
67,14,0.16,0.0
67,16,0.24,0.0
67,18,0.28,0.0
67,20,0.98,0.0
67,22,0.9,0.08
67,24,0.86,0.12
67,26,0.82,0.16
67,28,0.92,0.08
67,30,0.92,0.02
67,32,0.9,0.08
67,34,0.88,0.1
67,36,0.82,0.16
67,38,0.9,0.08
67,40,0.88,0.08
67,42,0.88,0.08
67,44,0.92,0.06
67,46,0.8,0.18
67,48,0.9,0.08
68,0,0.2,0.0
68,2,0.34,0.0
68,4,0.84,0.12
68,6,0.24,0.0
68,8,0.96,0.02
68,10,0.84,0.08
68,12,0.8,0.16
68,14,0.86,0.12
68,16,0.26,0.0
68,18,0.88,0.1
68,20,0.84,0.12
68,22,0.9,0.06
68,24,0.9,0.08
68,26,0.72,0.18
68,28,0.88,0.08
68,30,0.9,0.1
68,32,0.86,0.08
68,34,0.86,0.1
68,36,0.86,0.14
68,38,0.9,0.1
68,40,0.86,0.12
68,42,0.84,0.08
68,44,0.82,0.14
68,46,0.88,0.1
68,48,0.92,0.06
69,0,0.0,0.76
69,2,0.2,0.0
69,4,0.38,0.0
69,6,0.2,0.0
69,8,0.18,0.0
69,10,0.82,0.14
69,12,0.1,0.0
69,14,0.92,0.06
69,16,0.9,0.06
69,18,0.88,0.08
69,20,0.9,0.1
69,22,0.9,0.06
69,24,0.92,0.08
69,26,0.82,0.12
69,28,0.84,0.1
69,30,0.96,0.04
69,32,0.84,0.16
69,34,0.96,0.04
69,36,0.94,0.06
69,38,0.84,0.14
69,40,0.9,0.1
69,42,0.96,0.04
69,44,0.82,0.14
69,46,0.84,0.14
69,48,0.9,0.08
70,0,0.34,0.0
70,2,0.0,0.84
70,4,0.24,0.0
70,6,0.0,0.72
70,8,0.0,0.86
70,10,0.0,0.82
70,12,0.9,0.08
70,14,0.86,0.14
70,16,0.96,0.02
70,18,0.92,0.02
70,20,0.3,0.0
70,22,0.16,0.0
70,24,0.9,0.08
70,26,0.9,0.1
70,28,0.88,0.08
70,30,0.92,0.08
70,32,0.9,0.06
70,34,0.84,0.16
70,36,0.9,0.1
70,38,0.88,0.12
70,40,0.86,0.1
70,42,0.84,0.16
70,44,0.86,0.12
70,46,0.92,0.06
70,48,0.78,0.2
71,0,0.82,0.14
71,2,0.0,0.6
71,4,0.94,0.04
71,6,0.86,0.12
71,8,0.2,0.0
71,10,0.32,0.0
71,12,0.84,0.1
71,14,0.9,0.1
71,16,0.88,0.1
71,18,0.96,0.04
71,20,0.84,0.16
71,22,0.94,0.02
71,24,0.8,0.2
71,26,0.92,0.06
71,28,0.94,0.06
71,30,0.9,0.06
71,32,0.86,0.1
71,34,0.84,0.12
71,36,0.8,0.18
71,38,0.94,0.06
71,40,0.94,0.06
71,42,0.92,0.06
71,44,0.9,0.08
71,46,0.92,0.08
71,48,0.86,0.1
72,0,0.26,0.0
72,2,0.0,0.76
72,4,0.0,0.72
72,6,0.0,0.88
72,8,0.16,0.0
72,10,0.2,0.0
72,12,0.16,0.0
72,14,0.9,0.1
72,16,0.8,0.2
72,18,0.9,0.1
72,20,0.94,0.02
72,22,0.88,0.12
72,24,0.84,0.16
72,26,0.96,0.02
72,28,0.94,0.06
72,30,0.86,0.08
72,32,0.88,0.08
72,34,0.86,0.14
72,36,0.9,0.08
72,38,0.98,0.0
72,40,0.88,0.08
72,42,0.92,0.08
72,44,0.88,0.1
72,46,0.92,0.06
72,48,0.88,0.08
73,0,0.0,0.82
73,2,0.9,0.04
73,4,0.0,0.78
73,6,0.0,0.74
73,8,0.9,0.08
73,10,0.88,0.1
73,12,0.92,0.06
73,14,0.94,0.06
73,16,0.88,0.12
73,18,0.9,0.06
73,20,0.84,0.12
73,22,0.9,0.06
73,24,0.96,0.02
73,26,0.94,0.04
73,28,0.9,0.1
73,30,0.9,0.08
73,32,0.94,0.06
73,34,0.84,0.12
73,36,0.84,0.16
73,38,0.92,0.08
73,40,0.9,0.1
73,42,0.92,0.06
73,44,0.82,0.14
73,46,0.82,0.16
73,48,0.88,0.08
74,0,0.32,0.0
74,2,0.82,0.16
74,4,0.0,0.68
74,6,0.94,0.06
74,8,0.14,0.0
74,10,0.0,0.76
74,12,0.34,0.0
74,14,0.3,0.0
74,16,0.92,0.06
74,18,0.98,0.0
74,20,0.0,0.78
74,22,0.88,0.12
74,24,0.98,0.02
74,26,0.9,0.06
74,28,0.88,0.1
74,30,0.84,0.16
74,32,0.88,0.08
74,34,0.9,0.08
74,36,0.9,0.08
74,38,0.86,0.12
74,40,0.92,0.06
74,42,0.92,0.04
74,44,0.88,0.12
74,46,0.88,0.06
74,48,0.9,0.06
75,0,0.82,0.16
75,2,0.0,0.64
75,4,0.88,0.12
75,6,0.16,0.0
75,8,0.18,0.0
75,10,0.86,0.1
75,12,0.24,0.0
75,14,0.9,0.08
75,16,0.84,0.12
75,18,0.9,0.08
75,20,0.94,0.06
75,22,0.88,0.1
75,24,0.88,0.1
75,26,0.82,0.16
75,28,0.88,0.1
75,30,0.84,0.14
75,32,0.86,0.1
75,34,0.86,0.12
75,36,0.82,0.14
75,38,0.88,0.12
75,40,0.88,0.08
75,42,0.86,0.12
75,44,0.84,0.1
75,46,0.88,0.1
75,48,0.86,0.14
76,0,0.0,0.8
76,2,0.82,0.16
76,4,0.88,0.12
76,6,0.38,0.0
76,8,0.0,0.74
76,10,0.94,0.06
76,12,0.96,0.04
76,14,0.92,0.08
76,16,0.9,0.1
76,18,0.88,0.08
76,20,0.24,0.0
76,22,0.88,0.1
76,24,0.8,0.16
76,26,0.86,0.12
76,28,0.94,0.06
76,30,0.84,0.16
76,32,0.9,0.08
76,34,0.88,0.1
76,36,0.88,0.1
76,38,0.84,0.1
76,40,0.88,0.04
76,42,0.88,0.08
76,44,0.88,0.12
76,46,0.96,0.02
76,48,0.9,0.08
77,0,0.18,0.0
77,2,0.0,0.74
77,4,0.26,0.0
77,6,0.0,0.72
77,8,0.86,0.12
77,10,0.24,0.0
77,12,0.16,0.0
77,14,0.94,0.06
77,16,0.9,0.08
77,18,0.84,0.14
77,20,0.8,0.2
77,22,0.86,0.12
77,24,0.86,0.14
77,26,0.96,0.04
77,28,0.94,0.06
77,30,0.88,0.12
77,32,0.82,0.16
77,34,0.82,0.1
77,36,0.9,0.08
77,38,0.82,0.12
77,40,0.84,0.14
77,42,0.96,0.04
77,44,0.88,0.08
77,46,0.82,0.16
77,48,0.84,0.12
78,0,0.1,0.0
78,2,0.0,0.76
78,4,0.0,0.72
78,6,0.18,0.0
78,8,0.88,0.04
78,10,0.0,0.7
78,12,0.9,0.06
78,14,0.96,0.02
78,16,0.0,0.78
78,18,0.78,0.18
78,20,0.86,0.12
78,22,0.88,0.12
78,24,0.94,0.06
78,26,0.96,0.04
78,28,0.92,0.08
78,30,0.94,0.04
78,32,0.92,0.06
78,34,0.92,0.08
78,36,0.88,0.12
78,38,0.92,0.08
78,40,0.9,0.08
78,42,0.92,0.06
78,44,0.84,0.12
78,46,0.92,0.04
78,48,0.84,0.12
79,0,0.94,0.04
79,2,0.0,0.78
79,4,0.24,0.0
79,6,0.22,0.0
79,8,0.94,0.06
79,10,0.2,0.0
79,12,0.26,0.0
79,14,0.3,0.0
79,16,0.0,0.78
79,18,0.92,0.02
79,20,0.9,0.08
79,22,0.8,0.2
79,24,0.96,0.04
79,26,0.86,0.12
79,28,0.94,0.06
79,30,0.9,0.1
79,32,0.96,0.04
79,34,0.84,0.12
79,36,0.94,0.04
79,38,0.88,0.12
79,40,0.68,0.28
79,42,0.9,0.06
79,44,0.96,0.04
79,46,0.88,0.12
79,48,0.92,0.06
80,0,0.22,0.0
80,2,0.0,0.64
80,4,0.0,0.78
80,6,0.84,0.16
80,8,0.96,0.04
80,10,0.28,0.0
80,12,0.86,0.12
80,14,0.0,0.76
80,16,0.24,0.0
80,18,0.2,0.0
80,20,0.0,0.76
80,22,0.18,0.0
80,24,0.2,0.0
80,26,0.0,0.74
80,28,0.96,0.04
80,30,0.84,0.1
80,32,0.82,0.18
80,34,0.82,0.14
80,36,0.78,0.18
80,38,0.98,0.02
80,40,0.84,0.12
80,42,0.88,0.08
80,44,0.84,0.14
80,46,0.94,0.04
80,48,0.86,0.1
81,0,0.0,0.72
81,2,0.0,0.76
81,4,0.0,0.74
81,6,0.28,0.0
81,8,0.16,0.0
81,10,0.0,0.84
81,12,0.0,0.8
81,14,0.96,0.04
81,16,0.96,0.02
81,18,0.26,0.0
81,20,0.18,0.0
81,22,0.84,0.12
81,24,0.14,0.0
81,26,0.8,0.18
81,28,0.2,0.0
81,30,0.92,0.06
81,32,0.8,0.14
81,34,0.86,0.1
81,36,0.94,0.04
81,38,0.9,0.1
81,40,0.84,0.16
81,42,0.88,0.08
81,44,0.82,0.16
81,46,0.88,0.1
81,48,0.94,0.04
82,0,0.34,0.0
82,2,0.98,0.02
82,4,0.92,0.06
82,6,0.0,0.5
82,8,0.0,0.66
82,10,0.0,0.78
82,12,0.84,0.12
82,14,0.94,0.06
82,16,0.82,0.14
82,18,0.92,0.08
82,20,0.92,0.06
82,22,0.84,0.16
82,24,0.9,0.08
82,26,0.86,0.12
82,28,0.9,0.1
82,30,0.9,0.1
82,32,0.86,0.08
82,34,0.88,0.1
82,36,0.8,0.2
82,38,0.88,0.08
82,40,0.86,0.14
82,42,0.86,0.12
82,44,0.82,0.18
82,46,0.9,0.06
82,48,0.88,0.1
83,0,0.0,0.76
83,2,0.88,0.06
83,4,0.86,0.14
83,6,0.32,0.0
83,8,0.9,0.1
83,10,0.88,0.08
83,12,0.88,0.12
83,14,0.82,0.1
83,16,0.88,0.1
83,18,0.84,0.14
83,20,0.9,0.1
83,22,0.94,0.06
83,24,0.84,0.12
83,26,0.86,0.12
83,28,0.98,0.02
83,30,0.88,0.08
83,32,0.88,0.12
83,34,0.86,0.12
83,36,0.82,0.12
83,38,0.92,0.08
83,40,0.9,0.08
83,42,0.96,0.04
83,44,0.86,0.1
83,46,0.84,0.14
83,48,0.84,0.14
84,0,0.0,0.82
84,2,0.86,0.12
84,4,0.18,0.0
84,6,0.26,0.0
84,8,0.22,0.0
84,10,0.86,0.12
84,12,0.0,0.82
84,14,0.0,0.82
84,16,0.18,0.0
84,18,0.84,0.14
84,20,0.16,0.0
84,22,0.28,0.0
84,24,0.86,0.14
84,26,0.94,0.06
84,28,0.86,0.12
84,30,0.9,0.08
84,32,0.92,0.08
84,34,0.92,0.06
84,36,0.84,0.16
84,38,0.96,0.04
84,40,0.9,0.1
84,42,0.92,0.06
84,44,0.86,0.12
84,46,0.88,0.08
84,48,0.84,0.12
85,0,0.2,0.0
85,2,0.0,0.68
85,4,0.0,0.86
85,6,0.82,0.16
85,8,0.88,0.1
85,10,0.24,0.0
85,12,0.84,0.16
85,14,0.0,0.76
85,16,0.86,0.12
85,18,0.0,0.76
85,20,0.86,0.08
85,22,0.28,0.0
85,24,0.22,0.0
85,26,0.22,0.0
85,28,0.22,0.0
85,30,0.18,0.0
85,32,0.0,0.82
85,34,0.82,0.16
85,36,0.96,0.0
85,38,0.9,0.1
85,40,0.92,0.06
85,42,0.94,0.06
85,44,0.9,0.06
85,46,0.94,0.06
85,48,0.94,0.06
86,0,0.38,0.0
86,2,0.0,0.7
86,4,0.2,0.0
86,6,0.82,0.18
86,8,0.86,0.08
86,10,0.32,0.0
86,12,0.0,0.84
86,14,0.88,0.1
86,16,0.9,0.1
86,18,0.3,0.0
86,20,0.9,0.1
86,22,0.74,0.26
86,24,0.9,0.1
86,26,0.88,0.08
86,28,0.92,0.08
86,30,0.98,0.02
86,32,0.86,0.12
86,34,0.9,0.08
86,36,0.86,0.1
86,38,0.9,0.08
86,40,0.94,0.06
86,42,0.94,0.04
86,44,0.9,0.1
86,46,0.94,0.06
86,48,0.88,0.12
87,0,0.0,0.94
87,2,0.0,0.82
87,4,0.26,0.0
87,6,0.86,0.1
87,8,0.98,0.02
87,10,0.92,0.06
87,12,0.16,0.0
87,14,0.94,0.06
87,16,0.28,0.0
87,18,0.86,0.14
87,20,0.94,0.06
87,22,0.94,0.04
87,24,0.88,0.1
87,26,0.88,0.12
87,28,0.96,0.04
87,30,0.88,0.12
87,32,0.92,0.04
87,34,0.86,0.1
87,36,0.92,0.08
87,38,0.96,0.04
87,40,0.98,0.02
87,42,0.88,0.06
87,44,0.84,0.14
87,46,0.94,0.04
87,48,0.88,0.1
88,0,0.0,0.84
88,2,0.88,0.1
88,4,0.22,0.0
88,6,0.8,0.2
88,8,0.12,0.0
88,10,0.88,0.12
88,12,0.0,0.82
88,14,0.9,0.1
88,16,0.0,0.82
88,18,0.8,0.18
88,20,0.94,0.06
88,22,0.12,0.0
88,24,0.94,0.06
88,26,0.88,0.08
88,28,0.8,0.18
88,30,0.86,0.1
88,32,0.9,0.08
88,34,0.9,0.1
88,36,0.9,0.1
88,38,0.86,0.12
88,40,0.82,0.18
88,42,0.82,0.18
88,44,0.86,0.12
88,46,0.86,0.14
88,48,0.88,0.08
89,0,0.0,0.7
89,2,0.9,0.1
89,4,0.0,0.88
89,6,0.24,0.0
89,8,0.3,0.0
89,10,0.9,0.08
89,12,0.22,0.0
89,14,0.0,0.66
89,16,0.82,0.18
89,18,0.86,0.14
89,20,0.92,0.04
89,22,0.78,0.2
89,24,0.9,0.04
89,26,0.96,0.02
89,28,0.86,0.1
89,30,0.94,0.06
89,32,0.92,0.02
89,34,0.86,0.08
89,36,0.86,0.1
89,38,0.9,0.08
89,40,0.88,0.1
89,42,0.86,0.1
89,44,0.92,0.08
89,46,0.9,0.1
89,48,0.82,0.16
90,0,0.0,0.68
90,2,0.92,0.06
90,4,0.32,0.0
90,6,0.26,0.0
90,8,0.0,0.68
90,10,0.96,0.04
90,12,0.28,0.0
90,14,0.94,0.06
90,16,0.8,0.16
90,18,0.9,0.1
90,20,0.88,0.12
90,22,0.94,0.06
90,24,0.94,0.04
90,26,0.92,0.06
90,28,0.86,0.12
90,30,0.94,0.06
90,32,0.86,0.12
90,34,0.96,0.04
90,36,0.96,0.04
90,38,0.9,0.08
90,40,0.9,0.1
90,42,0.86,0.14
90,44,0.8,0.16
90,46,0.86,0.12
90,48,0.9,0.08
91,0,0.0,0.74
91,2,0.0,0.84
91,4,0.26,0.0
91,6,0.94,0.06
91,8,0.28,0.0
91,10,0.34,0.0
91,12,0.24,0.0
91,14,0.28,0.0
91,16,0.2,0.0
91,18,0.32,0.0
91,20,0.0,0.76
91,22,0.24,0.0
91,24,0.2,0.0
91,26,0.22,0.0
91,28,0.16,0.0
91,30,0.22,0.0
91,32,0.24,0.0
91,34,0.28,0.0
91,36,0.16,0.0
91,38,0.14,0.0
91,40,0.18,0.0
91,42,0.26,0.0
91,44,0.16,0.0
91,46,0.24,0.0
91,48,0.2,0.0
92,0,0.92,0.08
92,2,0.18,0.0
92,4,0.94,0.06
92,6,0.86,0.12
92,8,0.0,0.72
92,10,0.28,0.0
92,12,0.94,0.06
92,14,0.24,0.0
92,16,0.24,0.0
92,18,0.12,0.0
92,20,0.92,0.04
92,22,0.16,0.0
92,24,0.88,0.08
92,26,0.88,0.08
92,28,0.9,0.1
92,30,0.82,0.16
92,32,0.82,0.18
92,34,0.88,0.1
92,36,0.86,0.12
92,38,0.9,0.06
92,40,0.88,0.1
92,42,0.86,0.12
92,44,0.9,0.08
92,46,0.88,0.12
92,48,0.74,0.12
93,0,0.22,0.0
93,2,0.24,0.0
93,4,0.08,0.0
93,6,0.16,0.0
93,8,0.28,0.0
93,10,0.86,0.1
93,12,0.28,0.0
93,14,0.86,0.12
93,16,0.88,0.1
93,18,0.2,0.0
93,20,0.88,0.12
93,22,0.88,0.12
93,24,0.98,0.02
93,26,0.3,0.0
93,28,0.32,0.0
93,30,0.3,0.0
93,32,0.92,0.06
93,34,0.92,0.06
93,36,0.88,0.1
93,38,0.9,0.1
93,40,0.88,0.1
93,42,0.82,0.14
93,44,0.9,0.08
93,46,0.86,0.12
93,48,0.88,0.1
94,0,0.32,0.0
94,2,0.98,0.02
94,4,0.86,0.12
94,6,0.34,0.0
94,8,0.0,0.74
94,10,0.86,0.12
94,12,0.92,0.06
94,14,0.18,0.0
94,16,0.0,0.8
94,18,0.4,0.0
94,20,0.38,0.0
94,22,0.88,0.1
94,24,0.0,0.86
94,26,0.92,0.06
94,28,0.9,0.08
94,30,0.92,0.06
94,32,0.84,0.12
94,34,0.88,0.12
94,36,0.88,0.1
94,38,0.9,0.1
94,40,0.88,0.08
94,42,0.88,0.1
94,44,0.94,0.04
94,46,0.92,0.08
94,48,0.74,0.22
95,0,0.22,0.0
95,2,0.0,0.78
95,4,0.3,0.0
95,6,0.3,0.0
95,8,0.0,0.8
95,10,0.26,0.0
95,12,0.8,0.18
95,14,0.86,0.12
95,16,0.94,0.04
95,18,0.8,0.18
95,20,0.2,0.0
95,22,0.92,0.06
95,24,0.84,0.12
95,26,0.84,0.12
95,28,0.88,0.12
95,30,0.96,0.02
95,32,0.92,0.06
95,34,0.8,0.16
95,36,0.78,0.22
95,38,0.88,0.1
95,40,0.78,0.18
95,42,0.92,0.08
95,44,0.9,0.06
95,46,0.92,0.06
95,48,0.8,0.18
96,0,0.94,0.04
96,2,0.18,0.0
96,4,0.0,0.8
96,6,0.28,0.0
96,8,0.4,0.0
96,10,0.84,0.1
96,12,0.0,0.7
96,14,0.34,0.0
96,16,0.0,0.74
96,18,0.88,0.06
96,20,0.9,0.06
96,22,0.2,0.0
96,24,0.84,0.16
96,26,0.9,0.1
96,28,0.84,0.06
96,30,0.94,0.04
96,32,0.88,0.1
96,34,0.84,0.16
96,36,0.84,0.14
96,38,0.9,0.08
96,40,0.88,0.1
96,42,0.84,0.14
96,44,0.88,0.08
96,46,0.84,0.16
96,48,0.84,0.12
97,0,0.28,0.0
97,2,0.0,0.82
97,4,0.94,0.04
97,6,0.8,0.18
97,8,0.0,0.74
97,10,0.94,0.04
97,12,0.0,0.8
97,14,0.88,0.12
97,16,0.0,0.86
97,18,0.84,0.1
97,20,0.94,0.04
97,22,0.9,0.08
97,24,0.9,0.08
97,26,0.0,0.76
97,28,0.92,0.08
97,30,0.84,0.12
97,32,0.88,0.12
97,34,0.86,0.08
97,36,0.8,0.12
97,38,0.88,0.12
97,40,0.92,0.08
97,42,0.92,0.08
97,44,0.82,0.14
97,46,0.96,0.04
97,48,0.86,0.12
98,0,0.16,0.0
98,2,0.94,0.04
98,4,0.0,0.72
98,6,0.24,0.0
98,8,0.18,0.0
98,10,0.28,0.0
98,12,0.84,0.14
98,14,0.92,0.06
98,16,0.16,0.0
98,18,0.28,0.0
98,20,0.24,0.0
98,22,0.24,0.0
98,24,0.92,0.06
98,26,0.94,0.06
98,28,0.88,0.1
98,30,0.88,0.1
98,32,0.98,0.02
98,34,0.92,0.02
98,36,0.84,0.14
98,38,0.86,0.14
98,40,0.9,0.1
98,42,0.88,0.06
98,44,0.84,0.08
98,46,0.84,0.16
98,48,0.86,0.12
99,0,0.82,0.16
99,2,0.0,0.76
99,4,0.86,0.06
99,6,0.0,0.72
99,8,0.0,0.7
99,10,0.88,0.1
99,12,0.0,0.72
99,14,0.2,0.0
99,16,0.96,0.04
99,18,0.9,0.06
99,20,0.84,0.14
99,22,0.88,0.12
99,24,0.84,0.16
99,26,0.88,0.08
99,28,0.84,0.16
99,30,0.92,0.08
99,32,0.84,0.16
99,34,0.88,0.1
99,36,0.84,0.12
99,38,0.88,0.1
99,40,0.84,0.14
99,42,0.84,0.14
99,44,0.92,0.06
99,46,0.86,0.1
99,48,0.88,0.1
100,0,0.12,0.0
